,Date,Player,Venue,Team,Opposition,Position,TOI,Goals,First Assists,Second Assists,ixG,Shots Blocked,Total Penalties,Penalties Drawn,Faceoffs Won,Faceoffs Lost,GF,GA,xGF,xGA,Season,exGF,exGA,eGF,eGA,GFAA,GAAA,xGFAA,xGAAA,Production,Misc,Offense,Defense,Score,dob,Age,Career Game,Projection,Kalman,XGB,adjXGB,XGB_Lowess,adjXGB_Lowess,multiplier,Potential
0,2021-01-21,Bowen Byram,away,Colorado Avalanche,Los Angeles Kings,D,11.316666666667,0,0,0,0.06,0,1,0,0,0,0,0,1.12,0.48,20202021,0.417133333333344,0.417133333333344,0.417133333333344,0.417133333333344,-0.417133333333344,0.417133333333344,0.7028666666666561,-0.06286666666665597,0.03,-0.15,0.6248666666666562,0.5456291666666822,1.0504958333333385,2001-06-13,19.621917808219177,1,0.0,0.09874573304768212,0.09874573304768212,0.11527412830511174,0.13098957602328629,0.13960130406408797,1.7907943502515147,0.23457539268434235
1,2021-01-22,Bowen Byram,away,Colorado Avalanche,Anaheim Ducks,D,14.466666666667,0,1,0,0.16,0,0,0,0,0,1,0,0.66,0.75,20202021,0.517933333333344,0.517933333333344,0.517933333333344,0.517933333333344,0.482066666666656,0.517933333333344,0.14206666666665602,-0.23206666666665599,0.7799999999999999,0.0,0.18806666666665606,0.06952916666668219,1.0375958333333382,2001-06-13,19.624657534246577,2,0.09915767235213997,0.18020857355252937,0.18020857355252937,0.20187358722602405,0.13099478777806303,0.13960423856120002,1.7888516629294613,0.23433024395187993
2,2021-01-24,Bowen Byram,away,Colorado Avalanche,Anaheim Ducks,D,18.533333333333,0,0,0,0.08,1,1,0,0,0,1,1,0.89,0.58,20202021,0.6480666666666561,0.6480666666666561,0.6480666666666561,0.6480666666666561,0.35193333333334387,-0.35193333333334387,0.24193333333334388,0.06806666666665617,0.09,-0.15,0.42593333333334393,0.07259583333331854,0.4385291666666625,2001-06-13,19.63013698630137,3,0.18023927781182128,0.201054669665407,0.201054669665407,0.22761738737394197,0.1310023181109519,0.13960622806829012,1.7849838608611688,0.23383702356344993
3,2021-01-26,Bowen Byram,home,Colorado Avalanche,San Jose Sharks,D,21.233333333333,0,0,0,0.06,1,0,0,0,0,0,1,0.52,0.9,20202021,0.734466666666656,0.734466666666656,0.734466666666656,0.734466666666656,-0.734466666666656,-0.26553333333334395,-0.21446666666665604,-0.16553333333334397,0.08,0.0,-0.652466666666656,-0.5392041666666818,-1.1116708333333378,2001-06-13,19.635616438356163,4,0.2008531593993917,0.10189172147029664,0.10189172147029664,0.12076897127707784,0.131006112883326,0.13960320602923074,1.7811393223974616,0.23334013913093266
4,2021-01-28,Bowen Byram,home,Colorado Avalanche,San Jose Sharks,D,18.3,0,0,0,0.08,1,0,0,0,0,0,0,0.88,0.68,20202021,0.6406000000000001,0.6406000000000001,0.6406000000000001,0.6406000000000001,-0.6406000000000001,0.6406000000000001,0.23939999999999995,-0.03939999999999999,0.09,0.0,0.01739999999999997,0.4068625,0.5142625,2001-06-13,19.64109589041096,5,0.10350053697190754,0.131215311392525,0.131215311392525,0.15524001713737157,0.1310063712764279,0.1395954358890589,1.7773178497379258,0.2328399620989892
5,2021-01-30,Bowen Byram,away,Colorado Avalanche,Minnesota Wild,D,19.433333333333,0,0,0,0.14,0,0,0,0,0,1,0,0.34,0.21,20202021,0.6768666666666561,0.6768666666666561,0.6768666666666561,0.6768666666666561,0.32313333333334393,0.6768666666666561,-0.33686666666665604,0.4668666666666561,0.07,0.0,-0.48286666666665606,1.5399958333333181,1.127129166666662,2001-06-13,19.646575342465752,6,0.13196479386073418,0.19821205453836754,0.19821205453836754,0.20897719792954234,0.13100334094026292,0.13958324558028695,1.773519247333468,0.23233694662254478
6,2021-01-31,Bowen Byram,away,Colorado Avalanche,Minnesota Wild,D,20.616666666667,0,0,0,0.15,1,2,0,0,0,1,1,0.44,0.45,20202021,0.7147333333333441,0.7147333333333441,0.7147333333333441,0.7147333333333441,0.2852666666666559,-0.2852666666666559,-0.2747333333333441,0.2647333333333441,0.125,-0.3,-0.3607333333333442,0.4674291666666822,-0.06830416666666195,2001-06-13,19.649315068493152,7,0.1966874814695981,0.18117620108022647,0.18117620108022647,0.19037002615194334,0.13100068013877667,0.13957560900145127,1.7716284619755738,0.232084533472015
7,2021-02-02,Bowen Byram,home,Colorado Avalanche,Minnesota Wild,D,15.85,0,0,0,0.05,0,0,0,0,0,0,0,0.23,0.36,20202021,0.5622,0.5622,0.5622,0.5622,-0.5622,0.5622,-0.33220000000000005,0.20220000000000005,0.025,0.0,-0.9442,1.0301625,0.11096250000000007,2001-06-13,19.654794520547945,8,0.18047657294780267,0.1768949292452047,0.1768949292452047,0.18968421793013504,0.13099325758708097,0.13955750536184355,1.7678638031456066,0.23157823854432905
8,2021-02-14,Bowen Byram,away,Colorado Avalanche,Vegas Golden Knights,D,23.116666666667,0,0,0,0.0,3,0,0,0,0,0,0,0.44,1.05,20202021,0.7947333333333441,0.7947333333333441,0.7947333333333441,0.7947333333333441,-0.7947333333333441,0.7947333333333441,-0.35473333333334406,-0.255266666666656,0.15000000000000002,0.0,-0.8407333333333441,-0.22257083333331806,-0.9133041666666621,2001-06-13,19.687671232876713,9,0.17645475099268482,0.11325967409992238,0.11325967409992238,0.14013350164207686,0.13090706736070082,0.1393924303998968,1.7457395578596626,0.22852964589497493
9,2021-02-16,Bowen Byram,away,Colorado Avalanche,Vegas Golden Knights,D,25.05,0,0,1,0.01,2,0,1,0,0,2,1,1.44,1.61,20202021,0.8566000000000001,0.8566000000000001,0.8566000000000001,0.8566000000000001,1.1433999999999997,-0.14339999999999986,0.5833999999999998,-0.7534,0.655,0.15,1.4973999999999998,-1.9966374999999996,0.3057625000000004,2001-06-13,19.693150684931506,10,0.11555009536223092,0.12405046665876493,0.12405046665876493,0.12648342346960603,0.13088876981755848,0.13935951057594295,1.742127762825113,0.22802495974119433
10,2021-02-20,Bowen Byram,home,Colorado Avalanche,Vegas Golden Knights,D,14.416666666667,0,0,0,0.0,0,0,0,0,0,1,1,0.75,0.3,20202021,0.5163333333333441,0.5163333333333441,0.5163333333333441,0.5163333333333441,0.4836666666666559,-0.4836666666666559,0.23366666666665592,0.2163333333333441,0.0,0.0,0.3336666666666559,0.5272291666666822,0.8608958333333381,2001-06-13,19.704109589041096,11,0.12565450195508385,0.16383122221632365,0.16383122221632365,0.17172893297650982,0.13085325212110635,0.1392872220237357,1.734967355822747,0.22702612083336315
11,2021-02-22,Bowen Byram,home,Colorado Avalanche,Vegas Golden Knights,D,16.083333333333,0,0,0,0.0,0,1,0,0,0,0,2,0.41,0.36,20202021,0.5696666666666561,0.5696666666666561,0.5696666666666561,0.5696666666666561,-0.5696666666666561,-1.430333333333344,-0.15966666666665613,0.20966666666665612,0.0,-0.15,-0.6636666666666562,-0.10910416666668166,-0.9227708333333379,2001-06-13,19.70958904109589,12,0.16301141554222276,0.1071821094358617,0.1071821094358617,0.10918533921882069,0.13083974736689696,0.13924367933517923,1.7314183982942108,0.22653834581921192
12,2021-02-24,Bowen Byram,home,Colorado Avalanche,Minnesota Wild,D,15.066666666667,0,0,0,0.0,0,1,0,0,0,0,2,0.51,1.14,20202021,0.537133333333344,0.537133333333344,0.537133333333344,0.537133333333344,-0.537133333333344,-1.462866666666656,-0.027133333333344,-0.6028666666666559,0.0,-0.15,-0.47113333333334395,-1.9498708333333175,-2.571004166666661,2001-06-13,19.715068493150685,13,0.11032029189959107,-0.027974590839047547,-0.027974590839047547,-0.027102586253095924,0.13083247759462438,0.13919494567169519,1.7278900442056149,0.22606413549450563
13,2021-02-26,Bowen Byram,away,Colorado Avalanche,Arizona Coyotes,D,12.6,0,0,0,0.0,0,2,1,0,0,0,0,0.37,0.2,20202021,0.4582,0.4582,0.4582,0.4582,-0.4582,0.4582,-0.0882,0.2582,0.0,-0.15,-0.6162,1.2486625,0.4824625,2001-06-13,19.720547945205478,14,-0.01423002652203745,-0.0029840545983342744,-0.0029840545983342744,-0.0029440263325924325,0.13083434186791404,0.13914259286141417,1.7243821254857352,0.22560840051672093
14,2021-02-27,Bowen Byram,away,Colorado Avalanche,Arizona Coyotes,D,18.083333333333,0,0,0,0.02,0,0,0,0,0,0,0,0.64,0.17,20202021,0.6336666666666562,0.6336666666666562,0.6336666666666562,0.6336666666666562,-0.6336666666666562,0.6336666666666562,0.006333333333343849,0.4636666666666561,0.01,0.0,-0.3596666666666562,1.5698958333333182,1.220229166666662,2001-06-13,19.723287671232878,15,0.007898281913138691,0.055234030286823055,0.055234030286823055,0.057061000616500206,0.13083963479041724,0.1391158297294377,1.7226357773698524,0.225389035987978
15,2021-03-18,Bowen Byram,home,Colorado Avalanche,Minnesota Wild,D,15.966666666667,0,0,0,0.0,0,1,2,0,0,1,0,0.27,0.35,20202021,0.5659333333333441,0.5659333333333441,0.5659333333333441,0.5659333333333441,0.43406666666665594,0.5659333333333441,-0.29593333333334404,0.21593333333334408,0.0,0.15,-0.483933333333344,1.0585291666666823,0.7245958333333383,2001-06-13,19.775342465753425,16,0.059700155694552705,0.08626222095800759,0.08626222095800759,0.1016704105085679,0.1338676627415165,0.14149691877726867,1.6903911901320068,0.2262887177418222
16,2021-03-20,Bowen Byram,home,Colorado Avalanche,Minnesota Wild,D,17.55,0,0,0,0.03,0,1,0,0,0,1,0,0.68,0.33,20202021,0.6166,0.6166,0.6166,0.6166,0.38339999999999996,0.6166,0.06340000000000001,0.2866,0.015,-0.15,0.12140000000000006,1.1773625,1.1637625000000003,2001-06-13,19.78082191780822,17,0.08790984221434213,0.13499357402601866,0.13499357402601866,0.13094356799275333,0.1346785409887294,0.14229901526053187,1.6870974758910477,0.22721582655877437
17,2021-03-22,Bowen Byram,away,Colorado Avalanche,Arizona Coyotes,D,16.133333333333,0,0,0,0.05,2,0,0,0,0,1,0,0.6,0.46,20202021,0.571266666666656,0.571266666666656,0.571266666666656,0.571266666666656,0.42873333333334396,0.571266666666656,0.028733333333343936,0.11126666666665602,0.125,0.0,0.038733333333343944,0.813195833333318,0.976929166666662,2001-06-13,19.786301369863015,18,0.1318581296678451,0.1722040814463007,0.1722040814463007,0.17817075524848297,0.13559049742997878,0.1432219343056332,1.6838223166092081,0.22831030549274176
18,2021-03-25,Bowen Byram,home,Colorado Avalanche,Vegas Golden Knights,D,18.9,0,0,0,0.14,2,0,0,0,0,1,0,0.45,0.12,20202021,0.6598,0.6598,0.6598,0.6598,0.34019999999999995,0.6598,-0.20980000000000004,0.5398000000000001,0.17,0.0,-0.28980000000000006,1.7224625000000002,1.6026625,2001-06-13,19.794520547945204,19,0.16514606950774,0.23407793285452652,0.23407793285452652,0.22684102490813438,0.13714078024142698,0.1448278679561722,1.6789440492274892,0.23025169689275865
19,2021-10-13,Bowen Byram,home,Colorado Avalanche,Chicago Blackhawks,D,16.55,1,1,0,0.11,0,0,0,0,0,2,0,1.01,0.37,20212022,0.5846000000000001,0.5846000000000001,0.5846000000000001,0.5846000000000001,1.4154,0.5846000000000001,0.4253999999999999,0.21460000000000012,1.505,0.0,1.0814,1.0393625000000002,3.6257625,2001-06-13,20.34794520547945,20,0.2199257915629344,0.3778571286340482,0.3778571286340482,1.251611341300646,0.44952216836313225,0.5123063541559875,1.4252746789827415,0.6406925642093892
20,2021-10-16,Bowen Byram,home,Colorado Avalanche,St Louis Blues,D,20.916666666667,0,0,0,0.14,0,0,0,0,0,0,0,0.67,0.82,20212022,0.724333333333344,0.724333333333344,0.724333333333344,0.724333333333344,-0.724333333333344,0.724333333333344,-0.054333333333344,-0.09566666666665591,0.07,0.0,-0.402333333333344,0.20522916666668234,-0.12710416666666163,2001-06-13,20.356164383561644,21,0.4006376769566714,0.35685086732977844,0.35685086732977844,0.4225336709118921,0.45188040075349034,0.5142649819118784,1.4223807157336688,0.6427459678497667
21,2021-10-19,Bowen Byram,away,Colorado Avalanche,Washington Capitals,D,16.8,0,0,1,0.0,1,0,0,0,0,1,0,0.64,0.97,20212022,0.5926000000000001,0.5926000000000001,0.5926000000000001,0.5926000000000001,0.4073999999999999,0.5926000000000001,0.04739999999999989,-0.37739999999999985,0.6000000000000001,0.0,0.0813999999999998,-0.32913749999999964,0.35226250000000026,2001-06-13,20.364383561643837,22,0.3739019174360521,0.35666333259296057,0.35666333259296057,0.4277816885256626,0.45384000114670103,0.5157194789734995,1.4195068861973346,0.6442290068595483
22,2021-10-21,Bowen Byram,away,Colorado Avalanche,Florida Panthers,D,18.266666666667,0,0,0,0.0,1,0,0,0,0,0,1,0.66,0.4,20212022,0.6395333333333441,0.6395333333333441,0.6395333333333441,0.6395333333333441,-0.6395333333333441,-0.36046666666665594,0.020466666666655975,0.23953333333334403,0.05,0.0,-0.333533333333344,0.47432916666668223,0.19079583333333822,2001-06-13,20.36986301369863,23,0.3728528087411515,0.3499951877990934,0.3499951877990934,0.3735847789976205,0.45500688746340023,0.5165124394192137,1.4176020944630785,0.6450187166632424
23,2021-10-23,Bowen Byram,away,Colorado Avalanche,Tampa Bay Lightning,D,18.983333333333,0,0,1,0.08,1,0,0,0,0,1,1,0.54,0.32,20212022,0.6624666666666561,0.6624666666666561,0.6624666666666561,0.6624666666666561,0.3375333333333439,-0.3375333333333439,-0.12246666666665607,0.3424666666666561,0.6400000000000001,0.0,-0.1484666666666561,0.6912958333333182,1.1828291666666622,2001-06-13,20.375342465753423,24,0.3644038636862458,0.3829619994116723,0.3829619994116723,0.47379063401299054,0.456122442854666,0.5172391431010761,1.4157061155438746,0.6457353317861622
24,2021-10-26,Bowen Byram,home,Colorado Avalanche,Vegas Golden Knights,D,26.116666666667,0,0,1,0.18,1,0,0,0,0,0,0,0.92,0.36,20212022,0.8907333333333441,0.8907333333333441,0.8907333333333441,0.8907333333333441,-0.8907333333333441,0.8907333333333441,0.029266666666655894,0.5307333333333442,0.6900000000000001,0.0,-0.16873333333334417,1.5024291666666822,2.0236958333333384,2001-06-13,20.383561643835616,25,0.4008336945733308,0.44697317987985663,0.44697317987985663,0.5406925832735179,0.45771495143888524,0.518230956832674,1.4128785545026064,0.6466956389632028
25,2021-10-28,Bowen Byram,away,Colorado Avalanche,St Louis Blues,D,23.316666666667,0,0,0,0.04,1,0,0,0,0,1,1,0.83,0.44,20212022,0.801133333333344,0.801133333333344,0.801133333333344,0.801133333333344,0.19886666666665598,-0.19886666666665598,0.028866666666655938,0.361133333333344,0.07,0.0,0.17686666666665574,0.6146291666666821,0.8614958333333378,2001-06-13,20.389041095890413,26,0.4703724048188277,0.4629268874744608,0.4629268874744608,0.5203114772887611,0.458719306393415,0.5188277295723163,1.4110043749603425,0.6472549481998824
26,2021-10-30,Bowen Byram,home,Colorado Avalanche,Minnesota Wild,D,21.983333333333,0,0,0,0.01,1,1,1,0,0,1,0,0.67,0.29,20212022,0.7584666666666561,0.7584666666666561,0.7584666666666561,0.7584666666666561,0.24153333333334392,0.7584666666666561,-0.08846666666665604,0.4684666666666561,0.055,0.0,-0.03646666666665599,1.4732958333333181,1.491829166666662,2001-06-13,20.394520547945206,27,0.48650212162663314,0.5020248127275306,0.5020248127275306,0.5645630302713063,0.4596757237784649,0.5193743664706628,1.409138823251102,0.6477469084822846
27,2021-11-03,Bowen Byram,home,Colorado Avalanche,Columbus Blue Jackets,D,25.283333333333,2,1,0,0.34,3,0,0,0,0,1,1,0.25,1.19,20212022,0.8640666666666561,0.8640666666666561,0.8640666666666561,0.8640666666666561,0.1359333333333439,-0.1359333333333439,-0.6140666666666561,-0.32593333333334384,2.52,0.0,-0.8140666666666561,-1.0199041666666815,0.6860291666666625,2001-06-13,20.405479452054795,28,0.5264654487388569,0.5089338962093501,0.5089338962093501,0.611125743768339,0.46140546836384827,0.5203305163511031,1.405433396242386,0.648474654447412
28,2021-11-06,Bowen Byram,away,Colorado Avalanche,Columbus Blue Jackets,D,22.4,0,0,0,0.01,2,0,0,0,0,0,1,1.51,0.96,20212022,0.7718,0.7718,0.7718,0.7718,-0.7718,-0.22819999999999996,0.7382,-0.18819999999999992,0.10500000000000001,0.0,0.8941999999999997,-0.6235374999999996,0.3756625,2001-06-13,20.413698630136988,29,0.5326108057625709,0.5039854797462769,0.5039854797462769,0.5947115623851255,0.4624571526728847,0.5209384309270805,1.4026765912779844,0.6486778225233243
29,2021-11-11,Bowen Byram,home,Colorado Avalanche,Vancouver Canucks,D,4.9333333333333,0,0,0,0.07,1,0,0,0,0,2,0,0.72,0.0,20212022,0.2128666666666656,0.2128666666666656,0.2128666666666656,0.2128666666666656,1.7871333333333344,0.2128666666666656,0.5071333333333343,0.2128666666666656,0.085,0.0,0.9891333333333341,1.3559958333333317,2.430129166666666,2001-06-13,20.427397260273974,30,0.52675816837386,0.5747569707346585,0.5747569707346585,0.6817511726513448,0.463586961895539,0.5217112081773875,1.398123821775856,0.6481519748908491
30,2021-11-27,Bowen Byram,home,Colorado Avalanche,Nashville Predators,D,22.0,1,0,0,0.38,0,0,0,0,0,2,1,0.77,0.92,20212022,0.759,0.759,0.759,0.759,1.241,-0.241,0.01100000000000001,-0.16100000000000003,0.94,0.0,0.5229999999999999,-0.5499374999999997,0.9130625000000001,2001-06-13,20.471232876712328,31,0.5958159872773579,0.5870654155793018,0.5870654155793018,0.697594934556371,0.4618059781675573,0.5211237281747514,1.3838987241510443,0.6390927039914076
31,2021-12-01,Bowen Byram,away,Colorado Avalanche,Toronto Maple Leafs,D,19.866666666667,0,0,0,0.05,1,2,0,0,0,0,3,0.7,0.84,20212022,0.6907333333333441,0.6907333333333441,0.6907333333333441,0.6907333333333441,-0.6907333333333441,-2.309266666666656,0.009266666666655876,-0.1492666666666559,0.07500000000000001,-0.3,-0.3207333333333442,-1.6140708333333176,-2.1598041666666616,2001-06-13,20.482191780821918,32,0.6072552801401208,0.4880454974737649,0.4880454974737649,0.5099951655538092,0.46037832443214805,0.5199962798836545,1.3804223115617602,0.6355165108055558
32,2022-01-02,Bowen Byram,home,Colorado Avalanche,Anaheim Ducks,D,18.583333333333,0,0,0,0.02,1,0,0,0,0,0,0,0.7,0.77,20212022,0.6496666666666561,0.6496666666666561,0.6496666666666561,0.6496666666666561,-0.6496666666666561,0.6496666666666561,0.05033333333334389,-0.12033333333334395,0.060000000000000005,0.0,-0.2796666666666562,0.21289583333331819,-0.006770833333338,2001-06-13,20.56986301369863,33,0.510240833407515,0.47036200035126385,0.47036200035126385,0.5478773227944601,0.4447271734487543,0.4964250395397385,1.353704779494618,0.6020293002687106
33,2022-01-04,Bowen Byram,away,Colorado Avalanche,Chicago Blackhawks,D,20.366666666667,0,0,0,0.01,0,0,0,0,0,1,1,0.78,1.26,20212022,0.7067333333333441,0.7067333333333441,0.7067333333333441,0.7067333333333441,0.2932666666666559,-0.2932666666666559,0.07326666666665593,-0.5532666666666559,0.005,0.0,0.19126666666665582,-1.4070708333333177,-1.2108041666666618,2001-06-13,20.575342465753426,34,0.4916648787870029,0.4107672730265769,0.4107672730265769,0.47040153550893293,0.4437481674836044,0.4944194351408053,1.3520971965771242,0.5999906532408177
34,2022-01-06,Bowen Byram,home,Colorado Avalanche,Winnipeg Jets,D,19.8,1,0,1,0.16,0,0,0,0,0,1,0,0.89,0.39,20212022,0.6886000000000001,0.6886000000000001,0.6886000000000001,0.6886000000000001,0.3113999999999999,0.6886000000000001,0.2013999999999999,0.2986000000000001,1.3800000000000001,0.0,0.38539999999999996,1.1428625000000001,2.9082625,2001-06-13,20.58082191780822,35,0.4323996470947385,0.49862777837216393,0.49862777837216393,0.5274387932709466,0.4427796147999453,0.4923879521070694,1.350496692218435,0.5979724051690789
35,2022-01-08,Bowen Byram,home,Colorado Avalanche,Toronto Maple Leafs,D,15.816666666667,0,0,0,0.1,1,0,0,0,0,1,1,0.75,0.56,20212022,0.561133333333344,0.561133333333344,0.561133333333344,0.561133333333344,0.43886666666665597,-0.43886666666665597,0.18886666666665597,0.0011333333333439777,0.1,0.0,0.28886666666665595,-0.0063708333333181155,0.3824958333333378,2001-06-13,20.586301369863012,36,0.5159961384868916,0.49457140794444976,0.49457140794444976,0.49832880457419193,0.44182035734579006,0.4903341069085583,1.3489032268360581,0.5959729057055965
36,2022-01-10,Bowen Byram,home,Colorado Avalanche,Seattle Kraken,D,20.333333333333,0,0,0,0.03,0,0,0,0,0,0,1,0.38,0.81,20212022,0.7056666666666561,0.7056666666666561,0.7056666666666561,0.7056666666666561,-0.7056666666666561,-0.2943333333333439,-0.3256666666666561,-0.10433333333334394,0.015,0.0,-0.8476666666666561,-0.37360416666668184,-1.2062708333333378,2001-06-13,20.59178082191781,37,0.5116196520976735,0.43555958559355357,0.43555958559355357,0.493648403801633,0.4408689742801738,0.48826080059338484,1.3473167611507706,0.5939901585190261
37,2022-04-05,Bowen Byram,away,Colorado Avalanche,Pittsburgh Penguins,D,15.033333333333,0,0,0,0.09,1,1,0,0,0,0,1,0.19,0.66,20212022,0.536066666666656,0.536066666666656,0.536066666666656,0.536066666666656,-0.536066666666656,-0.46393333333334397,-0.34606666666665603,-0.123933333333344,0.095,-0.15,-0.982066666666656,-0.2724041666666819,-1.3094708333333378,2001-06-13,20.824657534246576,38,0.45688845788807325,0.3753941206152728,0.3753941206152728,0.410624921683533,0.38385250923635117,0.37895361205246114,1.2858671572566347,0.493583334857573
38,2022-04-08,Bowen Byram,away,Colorado Avalanche,Winnipeg Jets,D,18.183333333333,0,0,1,0.06,1,0,0,0,0,3,1,1.03,1.59,20212022,0.636866666666656,0.636866666666656,0.636866666666656,0.636866666666656,2.363133333333344,-0.36313333333334397,0.393133333333344,-0.953133333333344,0.6300000000000001,0.0,1.4611333333333438,-2.2665041666666816,-0.17537083333333747,2001-06-13,20.832876712328765,39,0.39309191661751075,0.35651643223330454,0.35651643223330454,0.34715622640666594,0.3830554960401352,0.37802200057484125,1.2838952388368603,0.4918031275762214
39,2022-04-09,Bowen Byram,away,Colorado Avalanche,Edmonton Oilers,D,17.183333333333,0,0,0,0.12,0,0,0,0,0,0,0,0.77,0.63,20212022,0.604866666666656,0.604866666666656,0.604866666666656,0.604866666666656,-0.604866666666656,0.604866666666656,0.165133333333344,-0.025133333333344,0.06,0.0,-0.12286666666665602,0.4704958333333181,0.4076291666666621,2001-06-13,20.835616438356166,40,0.3731663451126494,0.35825867353235946,0.35825867353235946,0.3415340298182723,0.38283969138524987,0.3778190751121302,1.2832406896291373,0.49127546959061413
40,2022-04-13,Bowen Byram,home,Colorado Avalanche,Los Angeles Kings,D,18.616666666667,0,1,1,0.07,2,0,0,0,0,4,1,0.64,0.84,20212022,0.650733333333344,0.650733333333344,0.650733333333344,0.650733333333344,3.349266666666656,-0.34926666666665596,-0.01073333333334403,-0.18926666666665592,1.385,0.0,1.223266666666656,-0.5215708333333178,2.086695833333338,2001-06-13,20.846575342465755,41,0.37433557081999236,0.41686952571521724,0.41686952571521724,0.39125335229412317,0.38215240495825453,0.3774428090408168,1.2806361840976792,0.4893981976294901
41,2022-04-14,Bowen Byram,home,Colorado Avalanche,New Jersey Devils,D,16.883333333333,0,0,0,0.01,1,0,0,0,0,0,1,0.33,0.55,20212022,0.5952666666666561,0.5952666666666561,0.5952666666666561,0.5952666666666561,-0.5952666666666561,-0.40473333333334394,-0.26526666666665605,0.04526666666665602,0.055,0.0,-0.817266666666656,0.06569583333331808,-0.6965708333333379,2001-06-13,20.84931506849315,42,0.43094112308731464,0.3792965146550943,0.3792965146550943,0.36730067935099575,0.38200588367582256,0.3774336121312259,1.2799884631731784,0.48896312396932806
42,2022-04-16,Bowen Byram,home,Colorado Avalanche,Carolina Hurricanes,D,15.05,0,0,0,0.07,0,0,1,0,0,2,2,0.74,0.86,20212022,0.5366000000000001,0.5366000000000001,0.5366000000000001,0.5366000000000001,1.4634,-1.4634,0.20339999999999991,-0.3233999999999999,0.035,0.15,0.6974,-1.3066374999999997,-0.4242374999999996,2001-06-13,20.854794520547944,43,0.39479488733788387,0.35230491617268256,0.35230491617268256,0.3145636326115874,0.3817175214166796,0.37748274888155825,1.2786970837320983,0.48810108144495296
43,2022-04-18,Bowen Byram,home,Colorado Avalanche,Washington Capitals,D,17.816666666667,0,1,0,0.0,1,0,0,0,0,1,0,0.61,0.32,20212022,0.6251333333333441,0.6251333333333441,0.6251333333333441,0.6251333333333441,0.3748666666666559,0.6251333333333441,-0.015133333333344101,0.3051333333333441,0.75,0.0,0.0008666666666559131,1.2126291666666822,1.963495833333338,2001-06-13,20.86027397260274,44,0.3692593567718566,0.4061950466067777,0.4061950466067777,0.38435954844189063,0.3814356464163352,0.3776234786219335,1.2774110980240705,0.48725012791421185
44,2022-04-20,Bowen Byram,away,Colorado Avalanche,Seattle Kraken,D,24.2,0,0,0,0.2,2,0,0,0,0,1,1,0.85,0.84,20212022,0.8294,0.8294,0.8294,0.8294,0.17059999999999997,-0.17059999999999997,0.02059999999999995,-0.010599999999999943,0.2,0.0,0.18059999999999987,-0.2647374999999996,0.11586250000000026,2001-06-13,20.865753424657534,45,0.4176398828637371,0.3965231679415259,0.3965231679415259,0.3933011659020716,0.38116373101062023,0.3778601337424015,1.2761304788439143,0.48641465457251576
45,2022-04-22,Bowen Byram,away,Colorado Avalanche,Edmonton Oilers,D,18.55,0,1,0,0.09,2,0,0,0,0,1,1,0.72,0.37,20212022,0.6486000000000001,0.6486000000000001,0.6486000000000001,0.6486000000000001,0.35139999999999993,-0.35139999999999993,0.07139999999999991,0.27860000000000007,0.845,0.0,0.15339999999999987,0.5563625000000001,1.5547624999999998,2001-06-13,20.87123287671233,46,0.4087185488849822,0.4349623542200198,0.4349623542200198,0.4071165012710788,0.3809053979699153,0.37819477398948415,1.2748551991768435,0.48559922699647123
46,2022-04-24,Bowen Byram,away,Colorado Avalanche,Winnipeg Jets,D,21.733333333333,0,0,0,0.06,0,1,0,0,0,0,0,0.79,1.78,20212022,0.7504666666666561,0.7504666666666561,0.7504666666666561,0.7504666666666561,-0.7504666666666561,0.7504666666666561,0.03953333333334397,-1.0295333333333438,0.03,-0.15,-0.23646666666665606,-1.965204166666682,-2.321670833333338,2001-06-13,20.876712328767123,47,0.44174802436987104,0.34379973069976627,0.34379973069976627,0.3291691578969358,0.38066437907509565,0.3786271737730107,1.2735852321968535,0.48480853161342674
47,2022-04-26,Bowen Byram,home,Colorado Avalanche,St Louis Blues,D,15.416666666667,0,0,0,0.16,0,1,0,0,0,1,1,1.18,0.68,20212022,0.548333333333344,0.548333333333344,0.548333333333344,0.548333333333344,0.451666666666656,-0.451666666666656,0.6316666666666559,-0.13166666666665605,0.08,-0.15,0.9896666666666558,-0.3007708333333181,0.6188958333333378,2001-06-13,20.882191780821916,48,0.36404842641014146,0.35286705538622726,0.35286705538622726,0.3344095790010877,0.38044445591366305,0.3791548317713222,1.2723205512649873,0.4840472998737799
48,2022-04-28,Bowen Byram,home,Colorado Avalanche,Nashville Predators,D,13.25,0,1,0,0.11,1,0,0,0,0,1,1,0.96,0.71,20212022,0.479,0.479,0.479,0.479,0.521,-0.521,0.481,-0.23099999999999998,0.805,0.0,0.7069999999999996,-0.46943749999999995,1.0425624999999996,2001-06-13,20.887671232876713,49,0.3710439783058367,0.375529045670319,0.375529045670319,0.3570096855899238,0.3802493817086008,0.37977301889624,1.271061129927743,0.4833202087688598
49,2022-10-12,Bowen Byram,home,Colorado Avalanche,Chicago Blackhawks,D,18.116666666667,0,0,0,0.03,0,0,1,0,0,0,0,0.52,0.67,20222023,0.6347333333333441,0.6347333333333441,0.6347333333333441,0.6347333333333441,-0.6347333333333441,0.6347333333333441,-0.11473333333334412,-0.0352666666666559,0.015,0.15,-0.5527333333333442,0.4214291666666823,0.03369583333333809,2001-06-13,21.345205479452055,50,0.3890514383996603,0.36432991090692163,0.36432991090692163,0.5311974102131933,0.3961883289635876,0.49181676768558635,1.1821448823608005,0.46835200553538237
50,2022-10-13,Bowen Byram,away,Colorado Avalanche,Calgary Flames,D,17.466666666667,1,0,0,0.18,3,0,0,0,0,1,1,0.51,0.8,20222023,0.613933333333344,0.613933333333344,0.613933333333344,0.613933333333344,0.386066666666656,-0.386066666666656,-0.10393333333334398,-0.18606666666665606,0.99,0.0,-0.14793333333334402,-0.48247083333331786,0.3595958333333381,2001-06-13,21.34794520547945,51,0.3764113330479198,0.3641752382644477,0.3641752382644477,0.429226784929732,0.39607895191069503,0.492305757055153,1.181697272472147,0.468045417156495
51,2022-10-17,Bowen Byram,away,Colorado Avalanche,Minnesota Wild,D,20.583333333333,0,0,0,0.25,1,0,0,0,0,1,0,1.07,0.51,20222023,0.7136666666666561,0.7136666666666561,0.7136666666666561,0.7136666666666561,0.2863333333333439,0.7136666666666561,0.35633333333334394,0.20366666666665612,0.175,0.0,0.6483333333333441,0.9028958333333182,1.7262291666666623,2001-06-13,21.35890410958904,52,0.37583268019912647,0.40856204616073016,0.40856204616073016,0.5469472711624856,0.3956433863373349,0.493823378129595,1.1799156891063594,0.4668258388305901
52,2022-10-19,Bowen Byram,home,Colorado Avalanche,Winnipeg Jets,D,23.733333333333,0,1,0,0.03,0,0,0,0,0,1,0,0.97,0.35,20222023,0.8144666666666561,0.8144666666666561,0.8144666666666561,0.8144666666666561,0.18553333333334388,0.8144666666666561,0.15553333333334385,0.46446666666665615,0.715,0.0,0.38753333333334394,1.4157958333333183,2.5183291666666623,2001-06-13,21.364383561643837,53,0.4210891759563553,0.4771494899935433,0.4771494899935433,0.5575894453523964,0.39543293803781704,0.4943301448060681,1.1790301848231197,0.4662273700198767
53,2022-10-21,Bowen Byram,home,Colorado Avalanche,Seattle Kraken,D,25.7,1,0,1,0.18,2,1,0,0,0,1,0,0.69,0.82,20222023,0.8774000000000001,0.8774000000000001,0.8774000000000001,0.8774000000000001,0.12259999999999993,0.8774000000000001,-0.18740000000000012,0.05740000000000012,1.4900000000000002,-0.15,-0.12340000000000018,0.4252625000000003,1.6418625000000004,2001-06-13,21.36986301369863,54,0.489347481792345,0.5149279510234308,0.5149279510234308,0.6068681197452231,0.39523131037876413,0.49468072769709964,1.1781481855615605,0.46564105119985894
54,2022-10-22,Bowen Byram,away,Colorado Avalanche,Vegas Golden Knights,D,23.416666666667,0,0,1,0.01,1,0,0,0,0,0,0,0.6,1.02,20222023,0.804333333333344,0.804333333333344,0.804333333333344,0.804333333333344,-0.804333333333344,0.804333333333344,-0.20433333333334402,-0.21566666666665602,0.6050000000000001,0.0,-0.594333333333344,-0.13977083333331808,-0.12910416666666202,2001-06-13,21.372602739726027,55,0.5258102515890077,0.49408261728870567,0.49408261728870567,0.5269045997439661,0.395134408225423,0.494799120906704,1.1777084956790873,0.4653531495022093
55,2022-10-25,Bowen Byram,away,Colorado Avalanche,New York Rangers,D,19.75,0,0,0,0.33,1,0,0,0,0,0,0,0.34,0.66,20222023,0.687,0.687,0.687,0.687,-0.687,0.687,-0.34700000000000003,0.027000000000000024,0.21500000000000002,0.0,-0.893,0.5195625,-0.1584374999999999,2001-06-13,21.38082191780822,56,0.5056885872454753,0.4730046742714471,0.4730046742714471,0.5434401206403077,0.3948614277952336,0.4949338218225461,1.176394642912602,0.464512868351134
56,2022-10-28,Bowen Byram,away,Colorado Avalanche,New Jersey Devils,D,21.833333333333,0,0,0,0.01,0,1,0,0,0,0,0,0.27,0.43,20222023,0.7536666666666562,0.7536666666666562,0.7536666666666562,0.7536666666666562,-0.7536666666666562,0.7536666666666562,-0.48366666666665614,0.32366666666665617,0.005,-0.15,-1.071666666666656,1.1443958333333182,-0.07227083333333795,2001-06-13,21.389041095890413,57,0.48578186507414794,0.4554239488941439,0.4554239488941439,0.4545451427107879,0.3946170713751015,0.4947516434288197,1.1750885770343251,0.46371001287562075
57,2022-10-29,Bowen Byram,away,Colorado Avalanche,New York Islanders,D,19.433333333333,0,0,0,0.06,0,0,0,0,0,0,3,0.45,2.75,20222023,0.6768666666666561,0.6768666666666561,0.6768666666666561,0.6768666666666561,-0.6768666666666561,-2.323133333333344,-0.22686666666665606,-2.073133333333344,0.03,0.0,-0.7068666666666561,-6.02700416666668,-6.703870833333337,2001-06-13,21.39178082191781,58,0.46945089065001944,0.22499995123463773,0.22499995123463773,0.25785951097023707,0.3945421056659836,0.4946236494418029,1.1746549436720997,0.4634508349073475
58,2022-11-04,Bowen Byram,home,Colorado Avalanche,Columbus Blue Jackets,D,17.866666666667,0,0,0,0.0,3,0,1,0,0,0,0,0.78,0.73,20222023,0.6267333333333441,0.6267333333333441,0.6267333333333441,0.6267333333333441,-0.6267333333333441,0.6267333333333441,0.1532666666666559,-0.10326666666665585,0.15000000000000002,0.15,-0.12873333333334414,0.2719291666666823,0.44319583333333823,2001-06-13,21.40821917808219,59,0.2651192555986123,0.2320110770842395,0.2320110770842395,0.2892367869948659,0.3941579530313874,0.4932008383846824,1.1720710976790214,0.4619811446684144
59,2023-02-07,Bowen Byram,away,Colorado Avalanche,Pittsburgh Penguins,D,21.483333333333,0,1,0,0.07,3,0,0,0,0,0,0,0.95,0.96,20222023,0.7424666666666561,0.7424666666666561,0.7424666666666561,0.7424666666666561,-0.7424666666666561,0.7424666666666561,0.2075333333333439,-0.2175333333333439,0.885,0.0,0.027533333333343957,-0.09070416666668168,0.8218291666666623,2001-06-13,21.66849315068493,60,0.2701064801025363,0.25093395699833665,0.25093395699833665,0.27768968078787054,0.30213945076993154,0.29496415420033,1.1349897507476978,0.34292517992041094
60,2023-02-09,Bowen Byram,away,Colorado Avalanche,Tampa Bay Lightning,D,19.416666666667,0,0,0,0.11,0,2,0,0,0,0,2,0.85,0.5,20222023,0.676333333333344,0.676333333333344,0.676333333333344,0.676333333333344,-0.676333333333344,-1.3236666666666559,0.17366666666665598,0.176333333333344,0.055,-0.3,-0.06633333333334401,-0.27777083333331776,-0.5891041666666618,2001-06-13,21.673972602739727,61,0.2880280050297032,0.2240224802437212,0.2240224802437212,0.22278110799711145,0.2987139228856496,0.2918461061380637,1.1342813700670922,0.3388256377088503
61,2023-02-11,Bowen Byram,away,Colorado Avalanche,Florida Panthers,D,23.216666666667,0,1,0,0.17,3,0,1,0,0,2,1,1.14,1.31,20222023,0.797933333333344,0.797933333333344,0.797933333333344,0.797933333333344,1.202066666666656,-0.20206666666665596,0.34206666666665586,-0.512066666666656,0.9349999999999999,0.15,1.0760666666666556,-1.390970833333318,0.7700958333333376,2001-06-13,21.67945205479452,62,0.26033042564344255,0.24149267739038455,0.24149267739038455,0.24233157979987385,0.2954818493678247,0.28926831285657933,1.1335757809216829,0.33495106814531495
62,2023-02-14,Bowen Byram,home,Colorado Avalanche,Tampa Bay Lightning,D,24.35,0,1,0,0.03,2,0,0,0,0,2,2,1.17,0.82,20222023,0.8342000000000002,0.8342000000000002,0.8342000000000002,0.8342000000000002,1.1658,-1.1658,0.33579999999999977,0.014200000000000212,0.815,0.0,1.0877999999999997,-0.7868374999999996,1.1159625,2001-06-13,21.687671232876713,63,0.27599260598078923,0.26943332283771343,0.26943332283771343,0.265909362498141,0.29194998421097695,0.2869646434267361,1.132522608064207,0.3306399575429197
63,2023-02-15,Bowen Byram,away,Colorado Avalanche,Minnesota Wild,D,20.783333333333,0,0,0,0.0,2,1,1,0,0,2,0,0.3,1.4,20222023,0.7200666666666561,0.7200666666666561,0.7200666666666561,0.7200666666666561,1.2799333333333438,0.7200666666666561,-0.4200666666666561,-0.6799333333333438,0.1,0.0,-0.19006666666665617,-1.1349041666666817,-1.2249708333333378,2001-06-13,21.69041095890411,64,0.30117026636670063,0.22174207258034698,0.22174207258034698,0.2288665732246358,0.29116736420432343,0.2865726567344107,1.1321729347194482,0.3296518092257353
64,2023-02-18,Bowen Byram,away,Colorado Avalanche,St Louis Blues,D,20.366666666667,2,0,0,0.23,1,0,0,0,0,1,0,1.11,0.16,20222023,0.7067333333333441,0.7067333333333441,0.7067333333333441,0.7067333333333441,0.2932666666666559,0.7067333333333441,0.403266666666656,0.5467333333333441,1.665,0.0,0.7192666666666561,1.697929166666682,4.082195833333339,2001-06-13,21.698630136986303,65,0.25667389382287553,0.3448029945697213,0.3448029945697213,0.36591287212609214,0.28969106644460396,0.2861181929586374,1.1311280491156153,0.32767769083370696
65,2023-02-19,Bowen Byram,home,Colorado Avalanche,Edmonton Oilers,D,24.333333333333,0,1,0,0.17,2,0,1,0,0,2,3,0.67,1.16,20222023,0.8336666666666561,0.8336666666666561,0.8336666666666561,0.8336666666666561,1.1663333333333439,-2.166333333333344,-0.16366666666665608,-0.3263333333333438,0.8849999999999999,0.15,0.288333333333344,-2.1446041666666815,-0.8212708333333376,2001-06-13,21.7013698630137,66,0.365656035565766,0.3076709230392374,0.3076709230392374,0.30817026852974294,0.2894064248698627,0.28612417775358173,1.130781127703209,0.32725532347889735
66,2023-02-24,Bowen Byram,away,Colorado Avalanche,Winnipeg Jets,D,21.233333333333,1,0,0,0.14,0,0,0,0,0,3,0,0.45,0.59,20222023,0.734466666666656,0.734466666666656,0.734466666666656,0.734466666666656,2.265533333333344,0.734466666666656,-0.28446666666665604,0.14446666666665609,0.8200000000000001,0.0,0.435533333333344,0.7487958333333182,2.004329166666662,2001-06-13,21.715068493150685,67,0.3327181894435678,0.36164523509938706,0.36164523509938706,0.36197310605677796,0.28892178046131306,0.28670951982066767,1.1290567656807617,0.3262090909823772
67,2023-02-25,Bowen Byram,home,Colorado Avalanche,Calgary Flames,D,23.516666666667,0,0,1,0.08,4,1,1,0,0,1,0,0.79,0.67,20222023,0.8075333333333441,0.8075333333333441,0.8075333333333441,0.8075333333333441,0.1924666666666559,0.8075333333333441,-0.01753333333334406,0.13753333333334405,0.79,0.0,0.10646666666665605,0.6698291666666821,1.566295833333338,2001-06-13,21.71780821917808,68,0.3782747263245908,0.39993211762465,0.39993211762465,0.39135293523803416,0.28898808108467944,0.28689458814084073,1.128713933266846,0.32618487366832677
68,2023-02-27,Bowen Byram,home,Colorado Avalanche,Vegas Golden Knights,D,25.016666666667,0,0,0,0.07,1,0,0,0,0,1,0,0.68,1.39,20222023,0.855533333333344,0.855533333333344,0.855533333333344,0.855533333333344,0.14446666666665597,0.855533333333344,-0.17553333333334398,-0.5344666666666559,0.085,0.0,-0.11753333333334393,-0.917170833333318,-0.9497041666666619,2001-06-13,21.723287671232878,69,0.4098515950657479,0.3570746286935324,0.3570746286935324,0.3506194481023225,0.28931059238239537,0.2873329252077444,1.1280302981887032,0.3263511137942638
69,2023-03-01,Bowen Byram,home,Colorado Avalanche,New Jersey Devils,D,27.783333333333,0,1,0,0.16,3,0,0,0,0,2,2,0.63,1.69,20222023,0.9440666666666561,0.9440666666666561,0.9440666666666561,0.9440666666666561,1.055933333333344,-1.055933333333344,-0.31406666666665606,-0.7459333333333439,0.9299999999999999,0.0,0.11393333333334388,-2.629904166666682,-1.5859708333333382,2001-06-13,21.72876712328767,70,0.37451992674339435,0.2954240180426287,0.2954240180426287,0.2786751428743477,0.2899481869282175,0.2879390467295866,1.127349360968994,0.3268729032476444
70,2023-03-04,Bowen Byram,away,Colorado Avalanche,Dallas Stars,D,21.116666666667,0,0,0,0.24,2,0,0,0,0,1,3,0.85,0.22,20222023,0.7307333333333441,0.7307333333333441,0.7307333333333441,0.7307333333333441,0.2692666666666559,-2.269266666666656,0.11926666666665586,0.5107333333333441,0.22,0.0,0.2792666666666559,-0.13057083333331776,0.3686958333333381,2001-06-13,21.736986301369864,71,0.324676778016462,0.29774706371369447,0.29774706371369447,0.29100653800446863,0.2914712346963494,0.2892456823941641,1.1263329915020155,0.32829366771232527
71,2023-03-05,Bowen Byram,home,Colorado Avalanche,Seattle Kraken,D,22.866666666667,0,0,0,0.02,1,0,0,0,0,0,1,0.57,0.84,20222023,0.786733333333344,0.786733333333344,0.786733333333344,0.786733333333344,-0.786733333333344,-0.21326666666665595,-0.2167333333333441,-0.053266666666655915,0.060000000000000005,0.0,-0.6247333333333441,-0.32607083333331777,-0.8908041666666618,2001-06-13,21.73972602739726,72,0.3257742736392437,0.2600918030597133,0.2600918030597133,0.2578041402199029,0.2920484874233806,0.2897732498956673,1.1259955396813963,0.3288452942094249
72,2023-03-07,Bowen Byram,home,Colorado Avalanche,San Jose Sharks,D,21.8,0,0,0,0.26,0,1,0,0,0,0,0,1.01,0.31,20222023,0.7526,0.7526,0.7526,0.7526,-0.7526,0.7526,0.25739999999999996,0.44260000000000005,0.13,-0.15,0.11339999999999983,1.4188625000000001,1.5122625,2001-06-13,21.745205479452054,73,0.29612488679616,0.29973581091810575,0.29973581091810575,0.30081512510973596,0.29316814269115876,0.29094927234896406,1.125322635542181,0.329908746990221
73,2023-03-09,Bowen Byram,home,Colorado Avalanche,Los Angeles Kings,D,21.966666666667,0,0,0,0.06,0,0,0,0,0,0,2,0.66,0.79,20222023,0.757933333333344,0.757933333333344,0.757933333333344,0.757933333333344,-0.757933333333344,-1.242066666666656,-0.09793333333334397,-0.03206666666665603,0.03,0.0,-0.45193333333334396,-0.8274708333333181,-1.249404166666662,2001-06-13,21.75068493150685,74,0.32516639945550624,0.2507208046399427,0.2507208046399427,0.248338802162404,0.2941912510191824,0.29228283807214583,1.1246523891179363,0.330862893316318
74,2023-03-11,Bowen Byram,home,Colorado Avalanche,Arizona Coyotes,D,21.383333333333,0,0,0,0.07,1,0,0,0,0,0,2,1.3,1.05,20222023,0.7392666666666561,0.7392666666666561,0.7392666666666561,0.7392666666666561,-0.7392666666666561,-1.260733333333344,0.560733333333344,-0.31073333333334396,0.085,0.0,0.590733333333344,-1.4523041666666818,-0.7765708333333379,2001-06-13,21.756164383561643,75,0.2883052776076709,0.21823650268116113,0.21823650268116113,0.23193950035583163,0.2950946258477556,0.29380399560426823,1.1239847905116207,0.33168187121459464
75,2023-03-13,Bowen Byram,away,Colorado Avalanche,Montreal Canadiens,D,18.05,1,0,0,0.15,0,2,3,0,0,2,0,0.7,0.05,20222023,0.6326,0.6326,0.6326,0.6326,1.3674,0.6326,0.0673999999999999,0.5826,0.825,0.15,0.5373999999999999,1.8443625,3.3567625,2001-06-13,21.76164383561644,76,0.26385546718356234,0.3174253523262065,0.3174253523262065,0.3346374479706103,0.2958768432081712,0.2955886686081848,1.123319829880999,0.33236432517832987
76,2023-03-15,Bowen Byram,away,Colorado Avalanche,Toronto Maple Leafs,D,20.766666666667,0,0,0,0.1,1,0,0,0,0,0,1,0.68,0.71,20222023,0.719533333333344,0.719533333333344,0.719533333333344,0.719533333333344,-0.719533333333344,-0.280466666666656,-0.03953333333334397,0.009533333333344052,0.1,0.0,-0.38153333333334394,-0.12367083333331785,-0.4052041666666618,2001-06-13,21.767123287671232,77,0.33353496318220494,0.2945995986003235,0.2945995986003235,0.278536121629724,0.29654526615575283,0.29774023662467997,1.1226574974381713,0.3329187663795539
77,2023-03-16,Bowen Byram,away,Colorado Avalanche,Ottawa Senators,D,21.333333333333,0,0,1,0.44,0,1,0,0,0,1,2,1.1,1.13,20222023,0.7376666666666561,0.7376666666666561,0.7376666666666561,0.7376666666666561,0.26233333333334385,-1.262333333333344,0.36233333333334394,-0.39233333333334375,0.77,-0.15,0.6723333333333439,-1.6386041666666815,-0.34627083333333775,2001-06-13,21.76986301369863,78,0.31719786762927243,0.2743663314922059,0.2743663314922059,0.2742399525469017,0.2968378962465516,0.298974817889471,1.1223273137432759,0.3331492787115975
78,2023-03-18,Bowen Byram,away,Colorado Avalanche,Detroit Red Wings,D,19.65,1,0,0,0.11,1,0,0,0,0,1,1,0.52,0.4,20222023,0.6838,0.6838,0.6838,0.6838,0.31620000000000004,-0.31620000000000004,-0.16379999999999995,0.28379999999999994,0.8550000000000001,0.0,-0.20179999999999987,0.5379624999999999,1.1911625000000001,2001-06-13,21.775342465753425,79,0.3028159956201288,0.30329764154839683,0.30329764154839683,0.31247414286807823,0.29733248860567557,0.30168353913232454,1.1216689053481306,0.3335086070187636
79,2023-03-20,Bowen Byram,home,Colorado Avalanche,Chicago Blackhawks,D,23.0,0,0,1,0.04,2,1,0,0,0,1,0,0.64,1.41,20222023,0.791,0.791,0.791,0.791,0.20899999999999996,0.791,-0.15100000000000002,-0.6189999999999999,0.67,-0.15,-0.11699999999999999,-1.0559375,-0.6529375,2001-06-13,21.78082191780822,80,0.3217344810929859,0.2731348240774319,0.2731348240774319,0.29250826702631505,0.29768236363539574,0.30425612101508137,1.1210131009068454,0.33370582954419414
80,2023-03-22,Bowen Byram,home,Colorado Avalanche,Pittsburgh Penguins,D,25.366666666667,0,0,0,0.0,1,0,0,0,0,1,0,0.83,1.13,20222023,0.8667333333333441,0.8667333333333441,0.8667333333333441,0.8667333333333441,0.13326666666665588,0.8667333333333441,-0.036733333333344165,-0.26326666666665577,0.05,0.0,0.11126666666665574,-0.30307083333331764,-0.1418041666666619,2001-06-13,21.786301369863015,81,0.30133430967104585,0.26005159481870604,0.26005159481870604,0.24907046377529424,0.2978748453174911,0.3058354490319781,1.12035989081917,0.3337270291776815
81,2023-03-24,Bowen Byram,home,Colorado Avalanche,Arizona Coyotes,D,20.566666666667,0,0,0,0.12,0,0,0,0,0,0,1,0.42,0.37,20222023,0.713133333333344,0.713133333333344,0.713133333333344,0.713133333333344,-0.713133333333344,-0.28686666666665595,-0.29313333333334407,0.34313333333334406,0.06,0.0,-0.7911333333333441,0.6491291666666822,-0.08200416666666188,2001-06-13,21.791780821917808,82,0.29221541059572015,0.2492705214345782,0.2492705214345782,0.26020916170574687,0.2979660885059672,0.30620391143380793,1.1197092655375822,0.3336353901161227
82,2023-03-26,Bowen Byram,away,Colorado Avalanche,Arizona Coyotes,D,19.833333333333,1,0,0,0.39,2,0,0,0,0,2,1,0.69,0.59,20222023,0.6896666666666561,0.6896666666666561,0.6896666666666561,0.6896666666666561,1.310333333333344,-0.3103333333333439,0.00033333333334384374,0.09966666666665613,1.0450000000000002,0.0,0.4643333333333439,0.10939583333331826,1.6187291666666623,2001-06-13,21.797260273972604,83,0.2846417206621009,0.2924183174701123,0.2862919569015503,0.29824278967682893,0.2980402577785598,0.3062801124050194,1.1190612155670576,0.3335252931575943
83,2023-03-27,Bowen Byram,away,Colorado Avalanche,Anaheim Ducks,D,19.966666666667,1,0,1,0.37,0,0,0,0,0,1,0,0.69,0.3,20222023,0.6939333333333441,0.6939333333333441,0.6939333333333441,0.6939333333333441,0.30606666666665594,0.6939333333333441,-0.003933333333344113,0.39393333333334407,1.485,0.0,0.06006666666665594,1.3575291666666822,2.902595833333338,2001-06-13,21.8,84,0.3112054080501105,0.3746300741368811,0.2811472713947296,0.3063463533562361,0.2980773424148561,0.30631821289062516,1.1187381533704874,0.3334704956147786
84,2023-03-29,Bowen Byram,home,Colorado Avalanche,Minnesota Wild,D,21.45,1,0,0,0.4,0,1,0,0,0,0,1,1.15,0.98,20222023,0.7414000000000001,0.7414000000000001,0.7414000000000001,0.7414000000000001,-0.7414000000000001,-0.25859999999999994,0.40859999999999985,-0.23859999999999992,0.95,-0.15,0.3485999999999998,-0.7132374999999995,0.4353625000000001,2001-06-13,21.805479452054794,85,0.3618913010800161,0.3765423374615034,0.2981676757335663,0.2884871559307103,0.29815151168744874,0.3063944138618366,1.1180939486771544,0.3333614010066823
85,2023-04-01,Bowen Byram,home,Colorado Avalanche,Dallas Stars,D,21.3,0,0,0,0.0,0,2,0,0,0,0,0,0.43,1.11,20222023,0.7366,0.7366,0.7366,0.7366,-0.7366,0.7366,-0.30660000000000004,-0.37340000000000007,0.0,-0.3,-0.7986000000000001,-0.4441375000000001,-1.5427375,2001-06-13,21.813698630136987,86,0.3633060675656065,0.316128420955009,0.3260977864265442,0.31000649146272613,0.2982627655963377,0.3065087153186538,1.1171324233503868,0.3331990061258251
86,2023-04-04,Bowen Byram,away,Colorado Avalanche,San Jose Sharks,D,24.866666666667,0,1,0,0.06,3,0,0,0,0,1,1,1.6,0.85,20222023,0.8507333333333441,0.8507333333333441,0.8507333333333441,0.8507333333333441,0.1492666666666559,-0.1492666666666559,0.749266666666656,0.0007333333333441328,0.88,0.0,1.359266666666656,-0.2570708333333178,1.982195833333338,2001-06-13,21.82191780821918,87,0.3270937204439516,0.36855732773114214,0.3456020951271057,0.3395360894993015,0.29837401950522663,0.30662301677547105,1.1161766081938997,0.33303810106452436
87,2023-04-06,Bowen Byram,away,Colorado Avalanche,San Jose Sharks,D,23.416666666667,0,0,0,0.07,2,0,0,0,0,0,1,1.16,1.54,20222023,0.804333333333344,0.804333333333344,0.804333333333344,0.804333333333344,-0.804333333333344,-0.195666666666656,0.3556666666666559,-0.735666666666656,0.135,0.0,0.30166666666665587,-1.910770833333318,-1.474104166666662,2001-06-13,21.827397260273973,88,0.3581261054083388,0.31058633124358453,0.3300420939922333,0.32348662671085554,0.29844818877781926,0.3066992177466825,1.115542555020024,0.3329316550503069
88,2023-04-11,Bowen Byram,home,Colorado Avalanche,Edmonton Oilers,D,24.483333333333,0,0,0,0.14,3,2,0,0,0,1,0,0.5,0.63,20222023,0.838466666666656,0.838466666666656,0.838466666666656,0.838466666666656,0.16153333333334396,0.838466666666656,-0.33846666666665604,0.20846666666665603,0.22000000000000003,-0.3,-0.388466666666656,0.8062958333333181,0.33782916666666213,2001-06-13,21.84109589041096,89,0.3242783260452107,0.31144319437573104,0.3335232734680176,0.310913391758966,0.29863361195930077,0.30688972017471117,1.113968404621397,0.3326684082806276
89,2023-04-13,Bowen Byram,home,Colorado Avalanche,Winnipeg Jets,D,21.1,0,1,0,0.08,1,0,0,0,0,0,0,0.39,0.56,20222023,0.7302000000000001,0.7302000000000001,0.7302000000000001,0.7302000000000001,-0.7302000000000001,0.7302000000000001,-0.34020000000000006,0.17020000000000002,0.79,0.0,-0.8562000000000001,0.8116625000000001,0.7454625,2001-06-13,21.846575342465755,90,0.32452643102065326,0.3250911840567802,0.33347979187965393,0.312430011321606,0.29870778123189345,0.3069659211459227,1.113343113652689,0.3325642512290025
