,Date,Player,Venue,Team,Opposition,Position,TOI,Goals,First Assists,Second Assists,ixG,Shots Blocked,Total Penalties,Penalties Drawn,Faceoffs Won,Faceoffs Lost,GF,GA,xGF,xGA,Season,exGF,exGA,eGF,eGA,GFAA,GAAA,xGFAA,xGAAA,Production,Misc,Offense,Defense,Score,dob,Age,RoundAge,Career Game,Adjusted,Projection,Kalman,XGB,adjXGB,XGB_Lowess,adjXGB_Lowess,multiplier,Potential
0,2021-11-15,Justin Danforth,home,Columbus Blue Jackets,Detroit Red Wings,R,7.3833333333333,0,0,0,0.08,0,0,0,0,0,0,0,0.16,0.14,20212022,0.2912666666666656,0.2912666666666656,0.2912666666666656,0.2912666666666656,-0.2912666666666656,0.2912666666666656,-0.13126666666666562,0.1512666666666656,0.04,0.0,-0.48204166666666604,0.6732912499999988,0.23124958333333273,1993-03-15,28.69041095890411,28.0,1,57.4596639784946,0.0,0.02173726815342363,0.02173726815342363,0.024814912191738016,0.07383076270021861,0.09160079587451284,1,0.07383076270021861
1,2021-11-18,Justin Danforth,away,Columbus Blue Jackets,Arizona Coyotes,R,10.216666666667,1,0,0,0.86,0,0,1,0,0,1,0,0.99,0.29,20212022,0.381933333333344,0.381933333333344,0.381933333333344,0.381933333333344,0.618066666666656,0.381933333333344,0.608066666666656,0.09193333333334403,1.18,0.15,0.6050416666666599,0.5151912500000114,2.450232916666671,1993-03-15,28.698630136986303,28.0,2,129.0397715053765,0.021827949895789258,0.23245477632789954,0.23245477632789954,0.28347751446438324,0.0943072428893539,0.1174396688052509,1,0.0943072428893539
2,2021-11-20,Justin Danforth,away,Columbus Blue Jackets,Vegas Golden Knights,R,8.35,0,0,0,0.04,0,0,0,0,0,0,1,0.16,0.36,20212022,0.3222,0.3222,0.3222,0.3222,-0.3222,-0.6778,-0.16219999999999998,-0.0378,0.02,0.0,-0.501375,-0.10514875000000001,-0.58652375,1993-03-15,28.704109589041096,28.0,3,31.079879032258063,0.23237640802874004,0.16636440053400692,0.16636440053400692,0.19138326850859716,0.11648991956127623,0.1430330278637923,1,0.11648991956127623
3,2021-11-30,Justin Danforth,away,Columbus Blue Jackets,Nashville Predators,R,12.75,0,0,0,0.19,0,0,0,0,0,0,0,0.42,0.49,20212022,0.463,0.463,0.463,0.463,-0.463,0.463,-0.04300000000000004,-0.02699999999999997,0.095,0.0,-0.426875,0.26183125000000007,-0.07004374999999996,1993-03-15,28.731506849315068,28.0,4,47.74052419354839,0.1668107305577961,0.14850618940703988,0.14850618940703988,0.16831929273808885,0.1436314995113796,0.17099642397314532,1,0.1436314995113796
4,2021-12-02,Justin Danforth,away,Columbus Blue Jackets,Dallas Stars,R,10.483333333333,0,0,0,0.09,2,0,0,0,0,0,1,0.28,0.59,20212022,0.390466666666656,0.390466666666656,0.390466666666656,0.390466666666656,-0.390466666666656,-0.6095333333333439,-0.110466666666656,-0.19953333333334394,0.14500000000000002,0.0,-0.46904166666666003,-0.4231887500000112,-0.7472304166666712,1993-03-15,28.736986301369864,28.0,5,25.89579301075254,0.14893984967994267,0.08481056817877153,0.08481056817877153,0.09564674441461375,0.17373832787605625,0.20026795790374824,1,0.17373832787605625
5,2021-12-04,Justin Danforth,away,Columbus Blue Jackets,Washington Capitals,R,10.166666666667,0,1,0,0.0,1,0,0,5,2,1,0,0.17,0.43,20212022,0.380333333333344,0.380333333333344,0.380333333333344,0.380333333333344,0.6196666666666559,0.380333333333344,-0.210333333333344,-0.04966666666665598,0.75,0.03,0.09354166666665997,0.27548125000001145,1.1490229166666714,1993-03-15,28.742465753424657,28.0,6,87.06525537634424,0.08584330931264009,0.15640186193043024,0.15640186193043024,0.16684651104301707,0.2010492005006195,0.2257425839837486,1,0.2010492005006195
6,2021-12-05,Justin Danforth,home,Columbus Blue Jackets,San Jose Sharks,R,12.8,0,1,0,0.0,0,0,0,4,1,2,0,0.34,0.59,20212022,0.4646,0.4646,0.4646,0.4646,1.5354,0.4646,-0.12459999999999999,-0.12539999999999996,0.7,0.03,0.7721250000000001,0.09354125000000002,1.5956662499999998,1993-03-15,28.745205479452054,28.0,7,101.47310483870967,0.1560245897734653,0.24840037928826061,0.24840037928826061,0.27737244884228546,0.22441191188409365,0.2452398307460465,1,0.22441191188409365
7,2021-12-07,Justin Danforth,away,Columbus Blue Jackets,Toronto Maple Leafs,R,13.866666666667,0,0,0,0.28,0,0,1,4,3,0,0,0.36,0.21,20212022,0.49873333333334396,0.49873333333334396,0.49873333333334396,0.49873333333334396,-0.49873333333334396,0.49873333333334396,-0.13873333333334398,0.28873333333334394,0.14,0.16,-0.48670833333334,0.7760212500000113,0.5893129166666713,1993-03-15,28.75068493150685,28.0,8,69.01009408602165,0.24533148201963523,0.26918747955543393,0.26918747955543393,0.2781403855853859,0.24500668811520687,0.2621672396810462,1,0.24500668811520687
8,2021-12-09,Justin Danforth,home,Columbus Blue Jackets,Anaheim Ducks,R,10.766666666667,0,0,0,0.47,1,0,0,2,2,0,1,0.78,0.27,20212022,0.399533333333344,0.399533333333344,0.399533333333344,0.399533333333344,-0.399533333333344,-0.600466666666656,0.380466666666656,0.129533333333344,0.285,0.0,-0.16220833333334,0.13050125000001134,0.2532929166666713,1993-03-15,28.756164383561643,28.0,9,58.17073924731198,0.26549600059336914,0.2682597090512737,0.2682597090512737,0.2966177648334728,0.2628688254521975,0.2786413547545077,1,0.2628688254521975
9,2021-12-11,Justin Danforth,away,Columbus Blue Jackets,Seattle Kraken,R,12.966666666667,0,0,0,0.14,0,0,0,1,1,0,0,0.46,0.25,20212022,0.469933333333344,0.469933333333344,0.469933333333344,0.469933333333344,-0.469933333333344,0.469933333333344,-0.009933333333344008,0.21993333333334403,0.07,0.0,-0.40620833333334005,0.6772412500000113,0.3410329166666713,1993-03-15,28.76164383561644,28.0,10,61.00106182795714,0.26481781625119594,0.27233902884072425,0.27233902884072425,0.3151613527332989,0.2760876399610584,0.2939464059253886,1,0.2760876399610584
10,2021-12-14,Justin Danforth,away,Columbus Blue Jackets,Vancouver Canucks,R,12.466666666667,0,0,0,0.14,0,0,0,2,2,0,1,0.24,0.24,20212022,0.453933333333344,0.453933333333344,0.453933333333344,0.453933333333344,-0.453933333333344,-0.546066666666656,-0.21393333333334402,0.21393333333334402,0.07,0.0,-0.53370833333334,0.2396412500000114,-0.2240670833333286,1993-03-15,28.76986301369863,28.0,11,42.772029569892624,0.2688449910186492,0.245539090754942,0.245539090754942,0.2728894707835759,0.2858939996754935,0.30684175078438014,1,0.2858939996754935
11,2021-12-16,Justin Danforth,away,Columbus Blue Jackets,Edmonton Oilers,R,11.033333333333,1,0,0,0.25,0,0,0,0,1,1,0,0.48,0.67,20212022,0.408066666666656,0.408066666666656,0.408066666666656,0.408066666666656,0.5919333333333441,0.408066666666656,0.07193333333334401,-0.26193333333334406,0.875,-0.01,0.2699583333333401,-0.10287875000001157,1.0320795833333287,1993-03-15,28.775342465753425,28.0,12,83.29288978494608,0.24397198969912248,0.2865447384462064,0.2865447384462064,0.3192509099065474,0.29273223295544715,0.3206644427425453,1,0.29273223295544715
12,2021-12-30,Justin Danforth,home,Columbus Blue Jackets,Nashville Predators,R,7.8166666666667,0,0,0,0.11,0,0,1,1,0,0,2,0.35,0.4,20212022,0.3051333333333344,0.3051333333333344,0.3051333333333344,0.3051333333333344,-0.3051333333333344,-1.6948666666666656,0.044866666666665556,-0.0948666666666656,0.055,0.16,-0.37195833333333406,-0.628888749999999,-0.7858470833333331,1993-03-15,28.813698630136987,28.0,13,24.650094086021515,0.2819683635339507,0.23242567237271097,0.23242567237271097,0.24561393120403813,0.3026886612766855,0.33774397838675735,1,0.3026886612766855
13,2022-02-20,Justin Danforth,home,Columbus Blue Jackets,Buffalo Sabres,R,6.9833333333333,1,0,0,0.12,0,0,1,0,1,2,0,0.46,0.12,20212022,0.2784666666666656,0.2784666666666656,0.2784666666666656,0.2784666666666656,1.7215333333333345,0.2784666666666656,0.18153333333333443,0.1584666666666656,0.81,0.13999999999999999,0.9634583333333339,0.6936112499999988,2.607069583333333,1993-03-15,28.956164383561642,28.0,14,134.0990188172043,0.2315873001315016,0.3486860809141485,0.3486860809141485,0.36384066731279496,0.3195396903532329,0.3545394277511843,1,0.3195396903532329
14,2022-02-22,Justin Danforth,home,Columbus Blue Jackets,Toronto Maple Leafs,R,9.0,0,0,0,0.0,0,0,0,2,0,1,0,0.49,0.43,20212022,0.343,0.343,0.343,0.343,0.657,0.343,0.14699999999999996,-0.08699999999999997,0.0,0.02,0.316875,0.23558125000000008,0.5724562500000001,1993-03-15,28.96164383561644,28.0,15,68.46633064516129,0.34923021676061256,0.3593362852057058,0.3593362852057058,0.3489153639924418,0.3424683769475114,0.36785558211558045,1,0.3424683769475114
15,2022-02-24,Justin Danforth,away,Columbus Blue Jackets,Florida Panthers,R,10.766666666667,1,0,0,0.29,0,0,0,0,0,1,0,0.6,0.08,20212022,0.399533333333344,0.399533333333344,0.399533333333344,0.399533333333344,0.600466666666656,0.399533333333344,0.20046666666665597,0.319533333333344,0.895,0.0,0.3502916666666599,0.8910012500000113,2.1362929166666715,1993-03-15,28.96712328767123,28.0,16,118.91267473118295,0.3598019433820439,0.44170690887208963,0.44170690887208963,0.4168532359266686,0.36170007181052116,0.37336310039981124,1,0.36170007181052116
16,2022-02-25,Justin Danforth,away,Columbus Blue Jackets,Carolina Hurricanes,R,11.533333333333,0,0,0,0.08,1,1,0,3,1,0,0,0.32,0.56,20212022,0.424066666666656,0.424066666666656,0.424066666666656,0.424066666666656,-0.424066666666656,0.424066666666656,-0.10406666666665598,-0.13593333333334406,0.09,-0.13,-0.46504166666666,0.10122124999998844,-0.4038204166666716,1993-03-15,28.96986301369863,28.0,17,36.9735349462364,0.44042351160456406,0.4034668346642994,0.4034668346642994,0.3847962290944439,0.3720568132117767,0.3702133386211424,1,0.3720568132117767
17,2022-02-27,Justin Danforth,home,Columbus Blue Jackets,Pittsburgh Penguins,R,11.016666666667,0,0,0,0.14,0,0,0,0,0,0,1,0.38,0.74,20212022,0.407533333333344,0.407533333333344,0.407533333333344,0.407533333333344,-0.407533333333344,-0.592466666666656,-0.027533333333344012,-0.332466666666656,0.07,0.0,-0.41720833333334006,-0.6599487499999886,-1.0071570833333288,1993-03-15,28.975342465753425,28.0,18,17.511061827957136,0.4037059505709975,0.34112236054217737,0.34112236054217737,0.3315178447215439,0.3713069251455621,0.3612582747048969,1,0.3713069251455621
18,2022-03-01,Justin Danforth,home,Columbus Blue Jackets,New Jersey Devils,R,15.433333333333,0,0,0,0.41,2,0,0,1,0,1,1,0.5,0.7,20212022,0.5488666666666561,0.5488666666666561,0.5488666666666561,0.5488666666666561,0.45113333333334393,-0.45113333333334393,-0.04886666666665607,-0.1511333333333439,0.305,0.01,0.19445833333333995,-0.44089875000001133,0.06855958333332868,1993-03-15,28.980821917808218,28.0,19,52.21159946236544,0.3446871620541556,0.3293327771766679,0.3293327771766679,0.3353917081593602,0.3622052272488717,0.3485224626189805,1,0.3622052272488717
19,2022-03-04,Justin Danforth,home,Columbus Blue Jackets,Los Angeles Kings,R,14.483333333333,1,0,0,0.24,0,0,0,0,0,1,0,0.38,0.58,20212022,0.5184666666666561,0.5184666666666561,0.5184666666666561,0.5184666666666561,0.4815333333333439,0.5184666666666561,-0.13846666666665608,-0.061533333333343876,0.87,0.0,0.1384583333333399,0.16811124999998872,1.1765695833333285,1993-03-15,28.98904109589041,28.0,20,87.95385752688156,0.33355937705632666,0.3652485659867511,0.3652485659867511,0.35341848854755903,0.346100347167946,0.3318003084803163,1,0.346100347167946
20,2022-03-05,Justin Danforth,home,Columbus Blue Jackets,Boston Bruins,R,16.366666666667,0,0,0,0.12,0,0,0,0,0,1,1,0.41,0.6,20212022,0.5787333333333441,0.5787333333333441,0.5787333333333441,0.5787333333333441,0.4212666666666559,-0.4212666666666559,-0.16873333333334412,-0.021266666666655887,0.06,0.0,0.11954166666665988,-0.23897874999998836,-0.05943708333332848,1993-03-15,28.991780821917807,28.0,21,48.082674731182955,0.366396375310918,0.3475817511143786,0.3475817511143786,0.3361423310048344,0.32931077318091545,0.31785308700788384,1,0.32931077318091545
21,2022-03-07,Justin Danforth,home,Columbus Blue Jackets,Toronto Maple Leafs,R,16.3,0,0,0,0.02,1,0,1,2,4,0,1,1.09,0.95,20212022,0.5766000000000001,0.5766000000000001,0.5766000000000001,0.5766000000000001,-0.5766000000000001,-0.4233999999999999,0.5134,-0.37339999999999984,0.060000000000000005,0.13,-0.079125,-0.8362587499999999,-0.72538375,1993-03-15,28.997260273972604,28.0,22,26.600524193548388,0.35040180209856675,0.30372774196383545,0.30372774196383545,0.29169547125316786,0.31133283748189045,0.30525529468121815,1,0.31133283748189045
22,2022-03-10,Justin Danforth,away,Columbus Blue Jackets,New York Islanders,R,1.9833333333333,0,0,0,0.01,3,0,0,0,1,0,0,0.01,0.04,20212022,0.11846666666666561,0.11846666666666561,0.11846666666666561,0.11846666666666561,-0.11846666666666561,0.11846666666666561,-0.10846666666666561,0.0784666666666656,0.15500000000000003,-0.01,-0.46779166666666605,0.6586112499999989,0.33581958333333284,1993-03-15,29.005479452054793,29.0,23,60.83288978494622,0.31131386697558844,0.3050178864822542,0.3050178864822542,0.30434098122458375,0.29762558326024724,0.29312120972445616,1,0.29762558326024724
23,2022-03-16,Justin Danforth,away,Columbus Blue Jackets,Ottawa Senators,R,12.816666666667,0,0,0,0.11,0,0,0,6,5,1,0,0.74,0.42,20212022,0.465133333333344,0.465133333333344,0.465133333333344,0.465133333333344,0.5348666666666559,0.465133333333344,0.274866666666656,0.04513333333334402,0.055,0.01,0.3967916666666599,0.3831112500000114,0.8449029166666713,1993-03-15,29.02191780821918,29.0,24,77.25493279569908,0.31217780731241895,0.32638863807759866,0.32638863807759866,0.3336007091039758,0.2909203637267629,0.2851174530207132,1,0.2909203637267629
24,2022-03-17,Justin Danforth,home,Columbus Blue Jackets,Washington Capitals,R,15.416666666667,0,0,0,0.21,0,0,0,6,9,0,0,0.55,0.45,20212022,0.548333333333344,0.548333333333344,0.548333333333344,0.548333333333344,-0.548333333333344,0.548333333333344,0.001666666666656047,0.09833333333334399,0.105,-0.03,-0.39895833333333997,0.42103125000001135,0.0970729166666714,1993-03-15,29.024657534246575,29.0,25,53.1313844086023,0.3305210153338226,0.3174421717319016,0.3174421717319016,0.30995227054844143,0.2877727177927785,0.2795612671776632,1,0.2877727177927785
25,2022-03-19,Justin Danforth,home,Columbus Blue Jackets,St Louis Blues,R,10.35,0,0,0,0.03,0,0,0,0,5,1,0,0.25,0.28,20212022,0.3862,0.3862,0.3862,0.3862,0.6138,0.3862,-0.1362,0.10619999999999996,0.015,-0.05,0.13987499999999997,0.5367512499999999,0.6416262499999998,1993-03-15,29.03013698630137,29.0,26,70.69762096774193,0.3227359645363047,0.32991902419925634,0.32991902419925634,0.3264149108803179,0.2852235673229161,0.27430696207139543,1,0.2852235673229161
26,2022-03-22,Justin Danforth,away,Columbus Blue Jackets,Pittsburgh Penguins,R,11.266666666667,0,0,0,0.15,1,1,0,0,0,0,1,0.29,1.01,20212022,0.41553333333334397,0.41553333333334397,0.41553333333334397,0.41553333333334397,-0.41553333333334397,-0.584466666666656,-0.125533333333344,-0.594466666666656,0.125,-0.15,-0.47845833333334,-1.1103987499999888,-1.6138570833333288,1993-03-15,29.03835616438356,29.0,27,-2.0599059139783478,0.33306524119185166,0.25605621477805607,0.25605621477805607,0.24089765531905127,0.2843536742495041,0.271846650137921,1,0.2843536742495041
27,2022-03-25,Justin Danforth,away,Columbus Blue Jackets,Winnipeg Jets,R,15.55,0,0,0,0.35,2,1,2,1,0,0,1,0.87,0.56,20212022,0.5526000000000001,0.5526000000000001,0.5526000000000001,0.5526000000000001,-0.5526000000000001,-0.4473999999999999,0.3173999999999999,-0.007399999999999962,0.275,0.16,-0.20162500000000008,-0.19890875000000008,0.03446624999999989,1993-03-15,29.046575342465754,29.0,28,51.11181451612903,0.27164078812242215,0.24773584880513194,0.24773584880513194,0.24401456690830775,0.2838876333848435,0.2713917051826784,1,0.2838876333848435
28,2022-03-26,Justin Danforth,away,Columbus Blue Jackets,Minnesota Wild,R,11.633333333333,0,0,0,0.18,1,0,1,1,1,0,0,0.44,0.29,20212022,0.427266666666656,0.427266666666656,0.427266666666656,0.427266666666656,-0.427266666666656,0.427266666666656,0.012733333333343977,0.13726666666665605,0.14,0.15,-0.39204166666666007,0.5636412499999887,0.4615995833333286,1993-03-15,29.04931506849315,29.0,29,64.89030913978479,0.2643465317199874,0.2556766887369897,0.2556766887369897,0.24613556133995879,0.28312694067899213,0.2714423314760799,1,0.28312694067899213
29,2022-03-29,Justin Danforth,home,Columbus Blue Jackets,New York Islanders,R,13.416666666667,0,0,0,0.03,0,0,0,2,1,0,0,0.58,0.23,20212022,0.484333333333344,0.484333333333344,0.484333333333344,0.484333333333344,-0.484333333333344,0.484333333333344,0.09566666666665596,0.25433333333334396,0.015,0.01,-0.34020833333334005,0.7266312500000114,0.41142291666667136,1993-03-15,29.057534246575344,29.0,30,63.27170698924746,0.27024291149439505,0.2613992071769421,0.2613992071769421,0.25504104511815656,0.2863700555474333,0.2754062726050853,1,0.2863700555474333
30,2022-03-31,Justin Danforth,away,Columbus Blue Jackets,New York Islanders,R,12.266666666667,1,0,0,0.23,1,0,0,1,0,1,2,0.66,0.25,20212022,0.447533333333344,0.447533333333344,0.447533333333344,0.447533333333344,0.552466666666656,-1.552466666666656,0.21246666666665603,0.197533333333344,0.915,0.01,0.35779166666665996,-0.22169874999998862,1.0610929166666714,1993-03-15,29.063013698630137,29.0,31,84.22880376344102,0.2743634814018876,0.29049416739600037,0.29049416739600037,0.28333209015968047,0.2985217798486508,0.2877148234969847,1,0.2985217798486508
31,2022-04-02,Justin Danforth,away,Columbus Blue Jackets,Boston Bruins,R,14.216666666667,1,0,0,0.63,0,0,0,1,1,1,0,0.87,0.63,20212022,0.509933333333344,0.509933333333344,0.509933333333344,0.509933333333344,0.490066666666656,0.509933333333344,0.360066666666656,-0.120066666666656,1.065,0.0,0.4500416666666599,0.07399125000001139,1.589032916666671,1993-03-15,29.068493150684933,29.0,32,101.25912634408616,0.2967571892328205,0.33730425311711215,0.33730425311711215,0.3112660077283959,0.3086208162512601,0.29815476610551783,1,0.3086208162512601
32,2022-04-04,Justin Danforth,home,Columbus Blue Jackets,Boston Bruins,R,17.233333333333,0,0,0,0.03,0,0,1,2,6,0,0,0.28,0.22,20212022,0.606466666666656,0.606466666666656,0.606466666666656,0.606466666666656,-0.606466666666656,0.606466666666656,-0.326466666666656,0.3864666666666561,0.015,0.10999999999999999,-0.60404166666666,0.8741612499999887,0.39511958333332864,1993-03-15,29.073972602739726,29.0,33,62.745793010752536,0.3326558593028777,0.33937042830548414,0.33937042830548414,0.31202343667195787,0.30861352027538763,0.29874729401229255,1,0.30861352027538763
33,2022-04-05,Justin Danforth,away,Columbus Blue Jackets,Philadelphia Flyers,R,17.366666666667,1,0,0,0.32,2,0,0,1,0,1,1,0.59,0.88,20212022,0.6107333333333441,0.6107333333333441,0.6107333333333441,0.6107333333333441,0.3892666666666559,-0.3892666666666559,-0.02073333333334415,-0.2692666666666559,1.01,0.01,0.2120416666666598,-0.6807787499999886,0.5512629166666713,1993-03-15,29.076712328767123,29.0,34,67.78267473118294,0.3343504467792065,0.3468816876406833,0.3468816876406833,0.3513748740766041,0.30027906867635745,0.2905524661160453,1,0.30027906867635745
34,2022-04-07,Justin Danforth,home,Columbus Blue Jackets,Philadelphia Flyers,R,11.6,0,0,0,0.03,0,0,0,0,0,0,3,0.05,0.73,20212022,0.42619999999999997,0.42619999999999997,0.42619999999999997,0.42619999999999997,-0.42619999999999997,-2.5738,-0.3762,-0.3038,0.015,0.0,-0.6351249999999999,-1.4979987500000003,-2.11812375,1993-03-15,29.08219178082192,29.0,35,-18.326572580645163,0.34009032330528643,0.26016415517388947,0.26016415517388947,0.2623896834794278,0.2882970485798836,0.2785273293947177,1,0.2882970485798836
35,2022-04-09,Justin Danforth,away,Columbus Blue Jackets,Detroit Red Wings,R,16.833333333333,1,0,0,0.24,1,0,1,10,9,1,4,0.5,0.55,20212022,0.5936666666666561,0.5936666666666561,0.5936666666666561,0.5936666666666561,0.40633333333334387,-3.406333333333344,-0.09366666666665613,0.043666666666656084,0.92,0.16,0.16645833333333993,-1.4505187500000112,-0.20406041666667107,1993-03-15,29.087671232876712,29.0,36,43.41740591397835,0.27648259094461186,0.24394926422030408,0.24394926422030408,0.24578544319780865,0.27476232995143723,0.2660526329936763,1,0.27476232995143723
36,2022-04-13,Justin Danforth,home,Columbus Blue Jackets,Montreal Canadiens,R,11.916666666667,0,0,0,0.28,0,0,1,2,2,0,0,0.74,0.79,20212022,0.436333333333344,0.436333333333344,0.436333333333344,0.436333333333344,-0.436333333333344,0.436333333333344,0.303666666666656,-0.353666666666656,0.14,0.15,-0.21020833333334,-0.2766687499999888,-0.19687708333332876,1993-03-15,29.0986301369863,29.0,37,43.64912634408617,0.2643167077456381,0.22865450878790963,0.22865450878790963,0.23203396060985532,0.2619733528065093,0.25476204308806044,1,0.2619733528065093
37,2022-04-16,Justin Danforth,away,Columbus Blue Jackets,Los Angeles Kings,R,13.2,0,0,0,0.08,0,0,1,6,4,0,0,0.35,0.47,20212022,0.4774,0.4774,0.4774,0.4774,-0.4774,0.4774,-0.1274,0.007400000000000018,0.04,0.16999999999999998,-0.479625,0.31122125,0.04159625,1993-03-15,29.106849315068494,29.0,38,51.341814516129034,0.25284389163948007,0.22220508131894717,0.22220508131894717,0.206543139849089,0.2506837680964721,0.2444746169249136,1,0.2506837680964721
38,2022-04-17,Justin Danforth,away,Columbus Blue Jackets,Anaheim Ducks,R,15.15,0,0,1,0.08,1,0,1,7,2,2,0,0.95,0.3,20212022,0.5398000000000001,0.5398000000000001,0.5398000000000001,0.5398000000000001,1.4602,0.5398000000000001,0.4101999999999999,0.23980000000000007,0.6400000000000001,0.2,1.1063749999999999,0.6669112500000001,2.61328625,1993-03-15,29.10958904109589,29.0,39,134.2995564516129,0.24768765208765892,0.3041603416795493,0.3041603416795493,0.2970823138863147,0.24455321253234524,0.23779872624460235,1,0.24455321253234524
39,2022-04-19,Justin Danforth,away,Columbus Blue Jackets,San Jose Sharks,R,15.85,0,1,0,0.23,1,0,0,4,5,0,0,0.89,0.91,20212022,0.5622,0.5622,0.5622,0.5622,-0.5622,0.5622,0.3278,-0.3478,0.865,-0.01,-0.195125,-0.3461487499999999,0.3137262500000001,1993-03-15,29.115068493150684,29.0,40,60.12020161290323,0.3041577061574333,0.30448640759489554,0.30448640759489554,0.2987276204773689,0.24048206677961065,0.23194756140594466,1,0.24048206677961065
40,2022-04-22,Justin Danforth,home,Columbus Blue Jackets,Ottawa Senators,R,18.083333333333,0,0,0,0.26,0,0,0,3,4,0,0,0.38,0.4,20212022,0.6336666666666562,0.6336666666666562,0.6336666666666562,0.6336666666666562,-0.6336666666666562,0.6336666666666562,-0.25366666666665616,0.23366666666665614,0.13,-0.01,-0.55854166666666,0.5972312499999888,0.15868958333332872,1993-03-15,29.123287671232877,29.0,41,55.11901881720415,0.30438162809215313,0.2995424754032799,0.2995424754032799,0.292716611236114,0.2285629927342838,0.21848696031029594,1,0.2285629927342838
41,2022-04-24,Justin Danforth,home,Columbus Blue Jackets,Edmonton Oilers,R,13.183333333333,0,0,0,0.0,0,1,0,8,3,0,1,0.21,0.36,20212022,0.476866666666656,0.476866666666656,0.476866666666656,0.476866666666656,-0.476866666666656,-0.523133333333344,-0.26686666666665604,0.11686666666665602,0.0,-0.09999999999999999,-0.56679166666666,0.060151249999988665,-0.6066404166666713,1993-03-15,29.12876712328767,29.0,42,30.43095430107512,0.301031433564924,0.2689633612643485,0.2689633612643485,0.24957751434775538,0.21267283370419107,0.20247771638032971,1,0.21267283370419107
42,2022-04-26,Justin Danforth,away,Columbus Blue Jackets,Tampa Bay Lightning,R,13.566666666667,0,0,0,0.11,0,0,0,6,4,0,3,0.46,1.09,20212022,0.489133333333344,0.489133333333344,0.489133333333344,0.489133333333344,-0.489133333333344,-2.510866666666656,-0.029133333333344003,-0.600866666666656,0.055,0.02,-0.41820833333334007,-2.0427387499999887,-2.385947083333329,1993-03-15,29.134246575342466,29.0,43,-26.96603494623642,0.28055237697594027,0.17978197575934177,0.17978197575934177,0.16383197641939592,0.19977359174172832,0.19037510911294683,1,0.19977359174172832
43,2022-04-28,Justin Danforth,home,Columbus Blue Jackets,Tampa Bay Lightning,R,14.8,0,0,0,0.15,0,1,0,7,1,0,0,0.29,0.42,20212022,0.5286000000000001,0.5286000000000001,0.5286000000000001,0.5286000000000001,-0.5286000000000001,0.5286000000000001,-0.2386000000000001,0.10860000000000009,0.075,-0.09,-0.5491250000000001,0.45094125000000007,-0.11318375000000003,1993-03-15,29.13972602739726,29.0,44,46.34891129032258,0.22149774579670034,0.16998303697081332,0.16998303697081332,0.15435317236567198,0.19280206611447734,0.18488023421809377,1,0.19280206611447734
44,2022-04-29,Justin Danforth,away,Columbus Blue Jackets,Pittsburgh Penguins,R,15.05,1,0,0,0.32,1,0,0,6,11,1,1,0.47,0.57,20212022,0.5366000000000001,0.5366000000000001,0.5366000000000001,0.5366000000000001,0.4633999999999999,-0.4633999999999999,-0.0666000000000001,-0.033399999999999874,0.9600000000000001,-0.05,0.18337499999999995,-0.23300874999999988,0.8603662500000001,1993-03-15,29.14246575342466,29.0,45,77.75375,0.21421906580666783,0.19298184556800657,0.19298184556800657,0.17471743271697232,0.18770672186462528,0.18194476955071692,1,0.18770672186462528
45,2022-10-12,Justin Danforth,away,Columbus Blue Jackets,Carolina Hurricanes,R,16.766666666667,0,0,0,0.65,0,1,0,3,6,0,3,0.83,0.95,20222023,0.591533333333344,0.591533333333344,0.591533333333344,0.591533333333344,-0.591533333333344,-2.408466666666656,0.23846666666665595,-0.35846666666665594,0.325,-0.18,-0.25095833333334006,-1.695298749999988,-1.8012570833333281,1993-03-15,29.5972602739726,29.0,46,-8.105067204300909,0.22799813141945982,0.12679783717690452,0.12679783717690452,0.13079810624045682,0.18388627176597389,0.181301331055771,1,0.18388627176597389
46,2022-10-14,Justin Danforth,home,Columbus Blue Jackets,Tampa Bay Lightning,R,20.383333333333,0,1,0,0.47,1,1,1,0,0,1,1,0.47,1.13,20222023,0.707266666666656,0.707266666666656,0.707266666666656,0.707266666666656,0.29273333333334395,-0.29273333333334395,-0.23726666666665608,-0.42273333333334384,0.985,0.0,0.07670833333333993,-1.0026087500000114,0.05909958333332854,1993-03-15,29.602739726027398,29.0,47,51.906438172042854,0.17028327897955453,0.12455903715955509,0.12455903715955509,0.1612354035624901,0.18438689543094583,0.18600017673132432,1,0.18438689543094583
47,2022-10-15,Justin Danforth,away,Columbus Blue Jackets,St Louis Blues,R,13.0,0,0,0,0.05,0,0,0,0,1,0,1,0.54,0.38,20222023,0.47100000000000003,0.47100000000000003,0.47100000000000003,0.47100000000000003,-0.47100000000000003,-0.5289999999999999,0.069,0.09100000000000003,0.025,-0.01,-0.35687500000000005,0.01988124999999996,-0.3219937500000001,1993-03-15,29.605479452054794,29.0,48,39.613104838709674,0.16719707732947858,0.10984040220959679,0.10984040220959679,0.12895688292074128,0.1864742993173681,0.19295879970744145,1,0.1864742993173681
48,2022-10-18,Justin Danforth,home,Columbus Blue Jackets,Vancouver Canucks,R,12.8,1,0,0,0.2,0,0,0,0,1,1,0,0.65,0.16,20222023,0.4646,0.4646,0.4646,0.4646,0.5354,0.4646,0.1854,0.3046,0.85,-0.01,0.34087500000000004,0.82454125,2.0054162499999997,1993-03-15,29.613698630136987,29.0,49,114.69084677419353,0.1539604531840811,0.17212517120562976,0.17212517120562976,0.20426556935082285,0.1895883257208052,0.20048879416618814,1,0.1895883257208052
49,2022-10-20,Justin Danforth,home,Columbus Blue Jackets,Nashville Predators,R,12.616666666667,1,0,0,0.29,0,0,1,0,1,2,1,0.52,0.2,20222023,0.458733333333344,0.458733333333344,0.458733333333344,0.458733333333344,1.541266666666656,-0.541266666666656,0.06126666666665603,0.258733333333344,0.895,0.13999999999999999,0.8882916666666599,0.3127712500000114,2.2360629166666715,1993-03-15,29.61917808219178,29.0,50,122.13106182795714,0.2030103572290495,0.23974386980035411,0.23974386980035411,0.2799743760522282,0.19358148550324425,0.20879625937789542,1,0.19358148550324425
50,2022-10-22,Justin Danforth,home,Columbus Blue Jackets,Pittsburgh Penguins,R,4.7666666666667,0,0,0,0.05,0,0,0,1,0,0,0,0.12,0.1,20222023,0.2075333333333344,0.2075333333333344,0.2075333333333344,0.2075333333333344,-0.2075333333333344,0.2075333333333344,-0.0875333333333344,0.1075333333333344,0.025,0.01,-0.45470833333333405,0.6518012500000011,0.2320929166666671,1993-03-15,29.624657534246577,29.0,51,57.486868279569904,0.2556766175772364,0.2394938964697026,0.2394938964697026,0.2275096002245241,0.1976130091342282,0.21800793589639358,1,0.1976130091342282
