,Date,Player,Venue,Team,Opposition,Position,TOI,Goals,First Assists,Second Assists,ixG,Shots Blocked,Total Penalties,Penalties Drawn,Faceoffs Won,Faceoffs Lost,GF,GA,xGF,xGA,Season,exGF,exGA,eGF,eGA,GFAA,GAAA,xGFAA,xGAAA,Production,Misc,Offense,Defense,Score,dob,Age,RoundAge,Career Game,Adjusted,Projection,Kalman,XGB,adjXGB,XGB_Lowess,adjXGB_Lowess,multiplier,Potential
0,2018-10-03,Juuso Valimaki,away,Calgary Flames,Vancouver Canucks,D,10.316666666667,0,0,0,0.04,1,0,0,0,0,0,2,0.23,0.56,20182019,0.385133333333344,0.385133333333344,0.385133333333344,0.385133333333344,-0.385133333333344,-1.614866666666656,-0.15513333333334398,-0.17486666666665607,0.07,0.0,-0.767133333333344,-0.834370833333318,-1.531504166666662,1998-10-06,20.005479452054793,20.0,1,0.5966397849463903,0.0,-0.1439601155991369,-0.1439601155991369,-0.17119408717985798,0.013648413430076856,0.020078284849243646,1.5665115090963917,0.021380396719121154
1,2018-10-06,Juuso Valimaki,home,Calgary Flames,Vancouver Canucks,D,13.1,0,0,0,0.15,1,0,0,0,0,0,0,1.16,0.19,20182019,0.4742,0.4742,0.4742,0.4742,-0.4742,0.4742,0.6858,0.2842,0.125,0.0,0.6318000000000001,1.2946625,2.0514625000000004,1998-10-06,20.013698630136986,20.0,2,116.17620967741937,-0.1445606765353846,0.0465339391183002,0.0465339391183002,0.05837799555952848,0.01707440440462115,0.023342527096717858,1.5625799079733844,0.026680121263273265
2,2018-10-09,Juuso Valimaki,away,Calgary Flames,Nashville Predators,D,17.766666666667,0,0,0,0.03,6,0,0,0,0,0,0,0.38,0.41,20182019,0.623533333333344,0.623533333333344,0.623533333333344,0.623533333333344,-0.623533333333344,0.623533333333344,-0.24353333333334404,0.21353333333334407,0.31500000000000006,0.0,-0.7655333333333441,1.0033291666666821,0.5527958333333381,1998-10-06,20.02191780821918,20.0,3,67.83212365591413,0.04583973038627292,0.08738853757623774,0.08738853757623774,0.1015294051924258,0.020745968470386334,0.026915721875661214,1.558678682260865,0.032336298797647225
3,2018-10-11,Juuso Valimaki,away,Calgary Flames,St Louis Blues,D,16.966666666667,0,0,0,0.03,2,1,0,0,0,0,2,0.52,0.46,20182019,0.597933333333344,0.597933333333344,0.597933333333344,0.597933333333344,-0.597933333333344,-1.4020666666666561,-0.07793333333334396,0.13793333333334395,0.115,-0.15,-0.515933333333344,-0.2984708333333179,-0.849404166666662,1998-10-06,20.027397260273972,20.0,4,22.599865591398,0.08650076341603179,0.016623456690561644,0.016623456690561644,0.021846193121085836,0.024693667178808422,0.030820368480413297,1.5560945819213745,0.03842568170471346
4,2018-10-13,Juuso Valimaki,away,Calgary Flames,Colorado Avalanche,D,13.233333333333,0,0,0,0.07,0,0,0,0,0,1,0,0.8,0.38,20182019,0.478466666666656,0.478466666666656,0.478466666666656,0.478466666666656,0.5215333333333441,0.478466666666656,0.32153333333334405,0.09846666666665599,0.035,0.0,0.451533333333344,0.863795833333318,1.3503291666666621,1998-10-06,20.03287671232877,20.0,5,93.55900537634395,0.01676307296809725,0.11146295879038506,0.11146295879038506,0.13075635648412082,0.028919242083852582,0.035048537848956014,1.5535237454408268,0.044926729277416644
5,2018-10-17,Juuso Valimaki,home,Calgary Flames,Boston Bruins,D,15.783333333333,1,0,0,0.1,0,0,0,0,0,1,1,0.41,0.72,20182019,0.560066666666656,0.560066666666656,0.560066666666656,0.560066666666656,0.43993333333334395,-0.43993333333334395,-0.15006666666665608,-0.15993333333334392,0.8,0.0,-0.2540666666666561,-0.3759041666666818,0.17002916666666212,1998-10-06,20.043835616438358,20.0,6,55.48481182795684,0.10957013506447959,0.11540280274911069,0.11540280274911069,0.1346625840856971,0.033406014009471956,0.03957368349776259,1.5484214932235107,0.051726590095192086
6,2018-10-19,Juuso Valimaki,home,Calgary Flames,Nashville Predators,D,15.883333333333,0,0,0,0.02,2,0,0,0,0,1,1,0.55,0.85,20182019,0.563266666666656,0.563266666666656,0.563266666666656,0.563266666666656,0.43673333333334396,-0.43673333333334396,-0.01326666666665599,-0.28673333333334394,0.11,0.0,-0.03326666666665612,-0.6703041666666818,-0.5935708333333379,1998-10-06,20.04931506849315,20.0,7,30.852553763440714,0.11353207664772479,0.0700848445573858,0.0700848445573858,0.0771411543489705,0.037989895671782424,0.04419794393973099,1.5458898942538584,0.05872819580276684
7,2018-10-21,Juuso Valimaki,away,Calgary Flames,New York Rangers,D,17.0,0,0,0,0.0,5,0,0,0,0,1,0,0.77,0.89,20182019,0.5990000000000001,0.5990000000000001,0.5990000000000001,0.5990000000000001,0.4009999999999999,0.5990000000000001,0.17099999999999993,-0.2909999999999999,0.25,0.0,0.2829999999999999,-0.13593749999999982,0.3970625000000001,1998-10-06,20.054794520547944,20.0,8,62.80846774193549,0.06988863115075147,0.09002226710300003,0.09002226710300003,0.10726346282889856,0.04220249987879812,0.048364750983332934,1.5433711926570706,0.06513412257105053
8,2018-10-23,Juuso Valimaki,away,Calgary Flames,Montreal Canadiens,D,16.833333333333,0,0,0,0.01,0,0,0,0,0,0,1,0.53,0.53,20182019,0.5936666666666561,0.5936666666666561,0.5936666666666561,0.5936666666666561,-0.5936666666666561,-0.40633333333334387,-0.0636666666666561,0.0636666666666561,0.005,0.0,-0.49566666666665615,0.10939583333331826,-0.3812708333333379,1998-10-06,20.06027397260274,20.0,9,37.70094086021491,0.08897685925772814,0.06251274447824266,0.06251274447824266,0.07146077818939357,0.045950896845482245,0.05195912124495483,1.5408652989546763,0.0708041424050495
9,2018-10-27,Juuso Valimaki,home,Calgary Flames,Washington Capitals,D,11.55,0,0,0,0.0,4,0,1,0,0,0,1,0.34,0.53,20182019,0.42460000000000003,0.42460000000000003,0.42460000000000003,0.42460000000000003,-0.42460000000000003,-0.5753999999999999,-0.08460000000000001,-0.1054,0.2,0.15,-0.6306,-0.13363749999999963,-0.4142374999999997,1998-10-06,20.07123287671233,20.0,10,36.63750000000001,0.06296007966520586,0.035788393983707395,0.035788393983707395,0.04336499864815197,0.04942912227714316,0.05520667487929161,1.535891581495787,0.07591777278619005
10,2018-10-29,Juuso Valimaki,away,Calgary Flames,Toronto Maple Leafs,D,14.716666666667,0,0,0,0.0,1,0,0,0,0,0,0,0.31,0.58,20182019,0.525933333333344,0.525933333333344,0.525933333333344,0.525933333333344,-0.525933333333344,0.525933333333344,-0.21593333333334402,-0.05406666666665594,0.05,0.0,-0.779933333333344,0.47202916666668215,-0.2579041666666618,1998-10-06,20.076712328767123,20.0,11,41.68051075268833,0.037761291990401985,0.01993254078477462,0.01993254078477462,0.02263030756229029,0.052912771011207,0.05843379516917731,1.5334235829297276,0.08113769090674526
11,2018-10-30,Juuso Valimaki,away,Calgary Flames,Buffalo Sabres,D,15.716666666667,0,0,0,0.0,1,0,0,0,0,0,1,0.31,0.53,20182019,0.557933333333344,0.557933333333344,0.557933333333344,0.557933333333344,-0.557933333333344,-0.44206666666665595,-0.24793333333334405,0.027933333333344024,0.05,0.0,-0.811933333333344,0.05802916666668212,-0.7039041666666619,1998-10-06,20.07945205479452,20.0,12,27.29341397849478,0.0228776847004869,-0.017804096161225164,-0.017804096161225164,-0.02073433322828955,0.05664401002361642,0.06193027375522825,1.5321942608481305,0.08678962706960906
12,2018-11-01,Juuso Valimaki,home,Calgary Flames,Colorado Avalanche,D,14.1,0,0,1,0.12,0,0,0,0,0,1,1,0.57,0.55,20182019,0.5062,0.5062,0.5062,0.5062,0.4938,-0.4938,0.06379999999999997,-0.04380000000000006,0.6100000000000001,0.0,0.05579999999999996,-0.062337499999999935,0.6034625000000001,1998-10-06,20.084931506849315,20.0,13,69.46653225806452,-0.012017955042564053,0.01354859348453473,0.01354859348453473,0.015630741187618678,0.06078661280091339,0.06589490723470655,1.5297449175960338,0.09298801199007527
13,2018-11-03,Juuso Valimaki,home,Calgary Flames,Chicago Blackhawks,D,13.766666666667,0,0,0,0.08,0,0,0,0,0,1,1,0.21,0.39,20182019,0.495533333333344,0.495533333333344,0.495533333333344,0.495533333333344,0.504466666666656,-0.504466666666656,-0.28553333333334396,0.10553333333334397,0.04,0.0,-0.509533333333344,0.29032916666668207,-0.179204166666662,1998-10-06,20.09041095890411,20.0,14,44.219220430107676,0.01628266667613396,0.004111593461401802,0.004111593461401802,0.004945996556262174,0.06542391678405539,0.0704322333961602,1.5273079048142384,0.09992246526819672
14,2018-11-07,Juuso Valimaki,away,Calgary Flames,Anaheim Ducks,D,14.966666666667,0,0,0,0.01,2,0,0,0,0,0,1,0.6,0.74,20182019,0.533933333333344,0.533933333333344,0.533933333333344,0.533933333333344,-0.533933333333344,-0.46606666666665597,0.06606666666665595,-0.20606666666665596,0.10500000000000001,0.0,-0.32393333333334406,-0.45947083333331773,-0.6784041666666618,1998-10-06,20.101369863013698,20.0,15,28.11599462365607,0.007657648334250919,-0.02837232656809334,-0.02837232656809334,-0.03402816472899563,0.07065147085332926,0.07559726118098709,1.522470534609179,0.10756478260099303
15,2018-11-10,Juuso Valimaki,away,Calgary Flames,Los Angeles Kings,D,15.4,0,0,0,0.04,1,1,0,0,0,0,0,0.39,0.75,20182019,0.5478000000000001,0.5478000000000001,0.5478000000000001,0.5478000000000001,-0.5478000000000001,0.5478000000000001,-0.15780000000000005,-0.20219999999999994,0.07,-0.15,-0.6738000000000001,0.11246250000000013,-0.6413374999999999,1998-10-06,20.10958904109589,20.0,16,29.3116935483871,-0.021545518301002004,-0.05678625785230679,-0.05678625785230679,-0.06630269690345397,0.07670545226841174,0.08146817101431938,1.5188742537710878,0.11650593657435768
16,2018-11-11,Juuso Valimaki,away,Calgary Flames,San Jose Sharks,D,14.733333333333,0,0,0,0.0,2,1,0,0,0,0,0,0.76,0.54,20182019,0.5264666666666561,0.5264666666666561,0.5264666666666561,0.5264666666666561,-0.5264666666666561,0.5264666666666561,0.23353333333334392,-0.013533333333343944,0.1,-0.15,-0.06046666666665612,0.5647958333333181,0.45432916666666195,1998-10-06,20.112328767123287,20.0,17,64.65577956989232,-0.04699000907702643,-0.033670397285769024,-0.033670397285769024,-0.03668503844631905,0.08361286874831697,0.08804759317448206,1.517681485837307,0.12689770287706545
17,2018-11-15,Juuso Valimaki,home,Calgary Flames,Montreal Canadiens,D,15.45,0,0,0,0.02,1,0,0,0,0,0,0,0.58,0.33,20182019,0.5494,0.5494,0.5494,0.5494,-0.5494,0.5494,0.03059999999999996,0.21939999999999998,0.060000000000000005,0.0,-0.3714,1.0807625,0.7693625000000001,1998-10-06,20.123287671232877,20.0,18,74.81814516129032,-0.0271845308545507,0.0018207517336746512,0.0018207517336746512,0.002101830184567755,0.09122089266757982,0.09525876201261317,1.5129401062404393,0.13801174704383593
18,2018-11-17,Juuso Valimaki,home,Calgary Flames,Edmonton Oilers,D,13.366666666667,0,0,0,0.05,2,0,0,0,0,0,0,0.27,0.22,20182019,0.482733333333344,0.482733333333344,0.482733333333344,0.482733333333344,-0.482733333333344,0.482733333333344,-0.212733333333344,0.26273333333334403,0.125,0.0,-0.800733333333344,1.237929166666682,0.5621958333333381,1998-10-06,20.12876712328767,20.0,19,68.13534946236575,0.003311560131254877,0.026059530073576732,0.026059530073576732,0.02962936819786153,0.09930478340607599,0.10297666956757447,1.5105870918028566,0.1500085239674969
19,2018-11-19,Juuso Valimaki,home,Calgary Flames,Vegas Golden Knights,D,19.7,0,0,0,0.16,4,1,1,0,0,1,0,0.6,0.27,20182019,0.6854,0.6854,0.6854,0.6854,0.3146,0.6854,-0.08540000000000003,0.4154,0.28,0.0,-0.07540000000000002,1.4142625,1.6188625,1998-10-06,20.134246575342466,20.0,20,102.22137096774193,0.023995555114993742,0.09358111868757835,0.09358111868757835,0.1050645724229181,0.10764453110442473,0.11106879689470783,1.5082457554224393,0.16235440713268734
20,2018-11-21,Juuso Valimaki,home,Calgary Flames,Winnipeg Jets,D,13.85,0,0,0,0.04,4,2,1,0,0,1,0,0.43,0.34,20182019,0.4982,0.4982,0.4982,0.4982,0.5018,0.4982,-0.06819999999999998,0.15819999999999995,0.22,-0.15,-0.1602,0.9841624999999999,0.8939625,1998-10-06,20.13972602739726,20.0,21,78.8375,0.0811240475432542,0.1268767803459808,0.1268767803459808,0.1422276672147338,0.11606469221186252,0.11942105936393468,1.5059160188591758,0.1747836792258036
21,2018-11-23,Juuso Valimaki,away,Calgary Flames,Vegas Golden Knights,D,17.783333333333,0,0,0,0.0,2,0,0,0,0,0,0,0.2,0.41,20182019,0.6240666666666561,0.6240666666666561,0.6240666666666561,0.6240666666666561,-0.6240666666666561,0.6240666666666561,-0.4240666666666561,0.21406666666665614,0.1,0.0,-1.054066666666656,1.0040958333333183,0.05002916666666224,1998-10-06,20.145205479452056,20.0,22,51.61384408602136,0.10933699637898718,0.12373588164048645,0.12373588164048645,0.13991558347741218,0.12444654148580568,0.1279490815533099,1.5035978045813339,0.1871175465657973
22,2019-04-01,Juuso Valimaki,away,Calgary Flames,Los Angeles Kings,D,21.966666666667,0,1,0,0.1,1,0,0,0,0,1,1,0.56,0.35,20182019,0.757933333333344,0.757933333333344,0.757933333333344,0.757933333333344,0.242066666666656,-0.242066666666656,-0.19793333333334395,0.40793333333334403,0.8,0.0,-0.21193333333334397,0.7595291666666821,1.3475958333333382,1998-10-06,20.4986301369863,20.0,23,93.47083333333349,0.10734017132587746,0.1729370536707558,0.1729370536707558,0.25702168061082564,0.13282184236984484,0.1367094905815094,1.375266086745804,0.18266537539034455
23,2019-04-03,Juuso Valimaki,away,Calgary Flames,Anaheim Ducks,D,17.65,0,0,0,0.07,1,0,0,0,0,1,0,0.63,1.23,20182019,0.6198,0.6198,0.6198,0.6198,0.3802,0.6198,0.010199999999999987,-0.6102,0.085,0.0,0.0381999999999999,-0.8880374999999998,-0.7648375,1998-10-06,20.504109589041096,20.0,24,25.32782258064516,0.15854982006993942,0.1358162855100105,0.1358162855100105,0.13827591908402626,0.14148265386308329,0.14603367796304886,1.3735627371051933,0.19433530129308332
24,2021-01-14,Juuso Valimaki,away,Calgary Flames,Winnipeg Jets,D,14.616666666667,0,0,0,0.0,3,0,0,0,0,0,0,0.48,0.46,20202021,0.522733333333344,0.522733333333344,0.522733333333344,0.522733333333344,-0.522733333333344,0.522733333333344,-0.04273333333334406,0.06273333333334402,0.15000000000000002,0.0,-0.5047333333333441,0.7434291666666821,0.388695833333338,1998-10-06,22.29041095890411,22.0,25,62.538575268817354,0.12180087657870997,0.145682065100684,0.145682065100684,0.3237609740587677,0.1504929763788075,0.1559852612670837,1.0702261262697885,0.16106151514070194
25,2021-01-16,Juuso Valimaki,home,Calgary Flames,Vancouver Canucks,D,17.35,0,0,0,0.07,1,0,1,0,0,0,0,1.03,0.64,20202021,0.6102000000000001,0.6102000000000001,0.6102000000000001,0.6102000000000001,-0.6102000000000001,0.6102000000000001,0.41979999999999995,-0.029799999999999938,0.085,0.15,0.28779999999999983,0.45516250000000014,0.9779625,1998-10-06,22.295890410958904,22.0,26,81.54717741935484,0.15419283757166316,0.17771399045982186,0.17771399045982186,0.19074678393966785,0.15972877949078743,0.16640430042390067,1.0697785539922327,0.17087442275459877
26,2021-01-18,Juuso Valimaki,home,Calgary Flames,Vancouver Canucks,D,16.1,0,0,0,0.09,1,1,0,0,0,1,1,0.72,0.27,20202021,0.5702000000000002,0.5702000000000002,0.5702000000000002,0.5702000000000002,0.42979999999999985,-0.42979999999999985,0.14979999999999982,0.30020000000000013,0.095,-0.15,0.23179999999999978,0.6736625000000003,0.8504625000000001,1998-10-06,22.301369863013697,22.0,27,77.43427419354839,0.24365375139209797,0.20327819754931029,0.20327819754931029,0.22287795674694227,0.1689979120104833,0.17704537006884674,1.0693328681438148,0.18071502196048617
27,2021-01-24,Juuso Valimaki,home,Calgary Flames,Toronto Maple Leafs,D,17.366666666667,0,0,0,0.13,0,0,0,0,0,0,1,0.56,0.23,20202021,0.6107333333333441,0.6107333333333441,0.6107333333333441,0.6107333333333441,-0.6107333333333441,-0.3892666666666559,-0.050733333333344066,0.38073333333334414,0.065,0.0,-0.46473333333334405,0.8239291666666823,0.4241958333333382,1998-10-06,22.317808219178083,22.0,28,63.683736559139945,0.3033022887828006,0.21157331859162518,0.21157331859162518,0.22837854963639714,0.1781011230248545,0.18765538555690386,1.0680070709123748,0.19021325872797937
28,2021-01-26,Juuso Valimaki,home,Calgary Flames,Toronto Maple Leafs,D,15.666666666667,0,1,0,0.15,3,0,0,0,0,1,3,0.75,0.83,20202021,0.5563333333333441,0.5563333333333441,0.5563333333333441,0.5563333333333441,0.4436666666666559,-2.443666666666656,0.19366666666665588,-0.27366666666665584,0.9249999999999999,0.0,0.29366666666665586,-1.7842708333333175,-0.5656041666666616,1998-10-06,22.323287671232876,22.0,29,31.75470430107543,0.31423571839654507,0.18271642977550795,0.18271642977550795,0.19490049397830128,0.18686078114021987,0.1980126181306974,1.0675688726636874,0.19948675346692055
29,2021-01-28,Juuso Valimaki,away,Calgary Flames,Montreal Canadiens,D,17.933333333333,0,0,0,0.0,3,1,0,0,0,0,1,0.14,0.45,20202021,0.628866666666656,0.628866666666656,0.628866666666656,0.628866666666656,-0.628866666666656,-0.371133333333344,-0.488866666666656,0.17886666666665602,0.15000000000000002,-0.15,-1.1548666666666558,0.34399583333331807,-0.8108708333333378,1998-10-06,22.328767123287673,22.0,30,23.84287634408588,0.2410079501761617,0.1462094689943496,0.1462094689943496,0.14602645493385913,0.19512302536278026,0.20793295518521826,1.0671325319293212,0.20822212809309285
30,2021-01-30,Juuso Valimaki,away,Calgary Flames,Montreal Canadiens,D,14.55,0,0,0,0.01,4,0,0,0,0,0,0,0.35,0.33,20202021,0.5206000000000001,0.5206000000000001,0.5206000000000001,0.5206000000000001,-0.5206000000000001,0.5206000000000001,-0.17060000000000008,0.19060000000000005,0.20500000000000002,0.0,-0.7106000000000001,1.0393625000000002,0.5337625000000001,1998-10-06,22.334246575342465,22.0,31,67.21814516129032,0.1599028954287621,0.16030966746543648,0.16030966746543648,0.16181317067499787,0.20266955029009032,0.21716853312353718,1.066698043011871,0.21618721267253532
31,2021-02-01,Juuso Valimaki,away,Calgary Flames,Winnipeg Jets,D,17.316666666667,0,1,0,0.06,0,0,0,0,0,1,0,0.64,0.26,20202021,0.6091333333333441,0.6091333333333441,0.6091333333333441,0.6091333333333441,0.3908666666666559,0.6091333333333441,0.03086666666665594,0.34913333333334406,0.73,0.0,0.06486666666665586,1.3276291666666822,2.122495833333338,1998-10-06,22.339726027397262,22.0,32,118.46760752688188,0.18676076881331344,0.23104309969966447,0.23104309969966447,0.2388005498326308,0.2090254065900679,0.22517389189720038,1.0662654002420218,0.2228765588185101
32,2021-02-02,Juuso Valimaki,away,Calgary Flames,Winnipeg Jets,D,15.933333333333,0,0,0,0.03,2,0,0,0,0,2,1,1.07,0.97,20202021,0.5648666666666561,0.5648666666666561,0.5648666666666561,0.5648666666666561,1.435133333333344,-0.4351333333333439,0.505133333333344,-0.4051333333333439,0.115,0.0,1.1971333333333438,-0.9440041666666819,0.36812916666666196,1998-10-06,22.34246575342466,22.0,33,61.875134408601994,0.3169651806231725,0.23594221260240922,0.23594221260240922,0.25000233486728285,0.2137753230320031,0.23146505076991827,1.0660497693984694,0.2278951338213502
33,2021-02-04,Juuso Valimaki,away,Calgary Flames,Winnipeg Jets,D,17.666666666667,0,1,0,0.06,0,0,1,0,0,1,0,0.61,0.3,20202021,0.620333333333344,0.620333333333344,0.620333333333344,0.620333333333344,0.37966666666665605,0.620333333333344,-0.010333333333343964,0.32033333333334396,0.73,0.15,0.0056666666666560506,1.2517291666666819,2.137395833333338,1998-10-06,22.34794520547945,22.0,34,118.94825268817219,0.32019552682175817,0.30334578773442655,0.30334578773442655,0.3208557879510287,0.21668471162551164,0.23575905092913793,1.0656198852812957,0.23090353754458837
34,2021-02-06,Juuso Valimaki,home,Calgary Flames,Edmonton Oilers,D,13.883333333333,0,0,0,0.01,0,0,0,0,0,0,1,0.3,0.28,20202021,0.49926666666665603,0.49926666666665603,0.49926666666665603,0.49926666666665603,-0.49926666666665603,-0.5007333333333439,-0.19926666666665604,0.219266666666656,0.005,0.0,-0.7692666666666561,0.5486958333333181,-0.21557083333333804,1998-10-06,22.353424657534248,22.0,35,43.04610215053748,0.42850273161108604,0.28509058705703066,0.28509058705703066,0.29920928370008626,0.2177419343307623,0.23800775695257603,1.0651918332605161,0.2319369302074756
35,2021-02-09,Juuso Valimaki,home,Calgary Flames,Winnipeg Jets,D,17.15,0,1,0,0.12,0,0,0,0,0,1,1,0.53,0.26,20202021,0.6038,0.6038,0.6038,0.6038,0.3962,-0.3962,-0.07379999999999998,0.3438,0.76,0.0,-0.1058,0.7449625000000001,1.3991625,1998-10-06,22.361643835616437,22.0,36,95.13427419354839,0.3921437303849977,0.32400398302657196,0.32400398302657196,0.3384469974437038,0.21714047767604958,0.23837789915112212,1.0645531782285063,0.2311575856320946
36,2021-02-11,Juuso Valimaki,away,Calgary Flames,Vancouver Canucks,D,17.333333333333,0,0,1,0.01,1,1,0,0,0,1,1,0.23,0.86,20202021,0.6096666666666561,0.6096666666666561,0.6096666666666561,0.6096666666666561,0.39033333333334386,-0.39033333333334386,-0.37966666666665616,-0.25033333333334384,0.6050000000000001,-0.15,-0.5916666666666561,-0.6266041666666815,-0.7632708333333376,1998-10-06,22.367123287671234,22.0,37,25.37836021505363,0.4462462904870548,0.2862802795857218,0.2862802795857218,0.3129803930060498,0.2152384925310479,0.23721076753669712,1.0641296821304893,0.2290416686393097
37,2021-02-13,Juuso Valimaki,away,Calgary Flames,Vancouver Canucks,D,15.5,0,0,0,0.05,0,0,0,0,0,0,1,0.4,1.13,20202021,0.551,0.551,0.551,0.551,-0.551,-0.44899999999999995,-0.15100000000000002,-0.5789999999999998,0.025,0.0,-0.661,-1.3319374999999993,-1.9679374999999992,1998-10-06,22.372602739726027,22.0,38,-13.481854838709651,0.38435381242168853,0.20855896344128116,0.20855896344128116,0.22749775339441178,0.21249512022888678,0.23495835694449052,1.0637079987458702,0.22603275908193224
38,2021-02-15,Juuso Valimaki,away,Calgary Flames,Vancouver Canucks,D,20.716666666667,0,0,0,0.0,2,0,0,0,0,1,0,0.99,1.03,20202021,0.7179333333333441,0.7179333333333441,0.7179333333333441,0.7179333333333441,0.2820666666666559,0.7179333333333441,0.2720666666666559,-0.31206666666665595,0.1,0.0,0.5160666666666558,-0.28697083333331785,0.3290958333333379,1998-10-06,22.378082191780823,22.0,39,60.615994623656064,0.26942725524642447,0.21269041271387307,0.21269041271387307,0.2282374361231673,0.20927539679705282,0.23200160333370728,1.0632881225976878,0.22252004376622445
39,2021-02-17,Juuso Valimaki,home,Calgary Flames,Vancouver Canucks,D,21.016666666667,0,0,1,0.12,0,0,0,0,0,1,2,1.29,0.42,20202021,0.727533333333344,0.727533333333344,0.727533333333344,0.727533333333344,0.272466666666656,-1.272466666666656,0.562466666666656,0.30753333333334404,0.6100000000000001,0.0,0.986466666666656,-0.020170833333317706,1.5762958333333383,1998-10-06,22.383561643835616,22.0,40,100.84825268817221,0.27221683624806065,0.25917060411345383,0.25917060411345383,0.2781007698660709,0.20565807280495166,0.22845160549411192,1.0628700482358238,0.21858780576228554
40,2021-02-19,Juuso Valimaki,home,Calgary Flames,Edmonton Oilers,D,15.466666666667,0,0,0,0.0,0,0,0,0,0,0,1,0.11,0.64,20202021,0.549933333333344,0.549933333333344,0.549933333333344,0.549933333333344,-0.549933333333344,-0.45006666666665596,-0.43993333333334406,-0.09006666666665597,0.0,0.0,-1.123933333333344,-0.20647083333331784,-1.330404166666662,1998-10-06,22.389041095890413,22.0,41,7.083736559139936,0.3306739375105042,0.20526853923623198,0.20526853923623198,0.2110960114263456,0.20205268310018884,0.22466404325750608,1.0624537702368195,0.21467163494626093
41,2021-02-20,Juuso Valimaki,away,Calgary Flames,Edmonton Oilers,D,13.166666666667,0,0,0,0.01,1,1,0,0,0,0,3,1.03,0.39,20202021,0.476333333333344,0.476333333333344,0.476333333333344,0.476333333333344,-0.476333333333344,-2.523666666666656,0.5536666666666561,0.08633333333334398,0.055,-0.15,0.4216666666666562,-0.8872708333333181,-0.5606041666666619,1998-10-06,22.39178082191781,22.0,42,31.91599462365607,0.2591476286395004,0.17942418806314786,0.17942418806314786,0.18346698624378466,0.19909440088466127,0.22119422084480897,1.0622463031858314,0.21148729132472935
42,2021-02-22,Juuso Valimaki,away,Calgary Flames,Toronto Maple Leafs,D,9.4,0,0,0,0.07,0,0,0,0,0,0,0,0.13,0.41,20202021,0.3558,0.3558,0.3558,0.3558,-0.3558,0.3558,-0.2258,-0.05419999999999997,0.035,0.0,-0.8977999999999999,0.6184625000000001,-0.24433749999999976,1998-10-06,22.397260273972602,22.0,43,42.11814516129033,0.22524421707868564,0.16518956310910768,0.16518956310910768,0.16407191767036386,0.19727037959758523,0.21848103851216427,1.0618327096201705,0.20946814169590353
43,2021-02-24,Juuso Valimaki,away,Calgary Flames,Toronto Maple Leafs,D,14.05,0,0,0,0.0,2,0,0,0,0,1,0,0.17,0.46,20202021,0.5046,0.5046,0.5046,0.5046,0.49539999999999995,0.5046,-0.3346,0.04460000000000003,0.1,0.0,-0.5826,0.7173625000000001,0.2347625000000001,1998-10-06,22.4027397260274,22.0,44,57.57298387096775,0.2065260257399537,0.16751659623957027,0.16751659623957027,0.16611781466323014,0.1965620926314142,0.21648291256213886,1.0614208989744338,0.20863511306513158
44,2021-02-25,Juuso Valimaki,away,Calgary Flames,Ottawa Senators,D,18.433333333333,0,0,0,0.06,2,0,0,0,0,0,0,0.46,0.46,20202021,0.644866666666656,0.644866666666656,0.644866666666656,0.644866666666656,-0.644866666666656,0.644866666666656,-0.18486666666665602,0.18486666666665602,0.13,0.0,-0.658866666666656,0.918995833333318,0.390129166666662,1998-10-06,22.405479452054795,22.0,45,62.58481182795684,0.20761240582908713,0.17493251221486997,0.17493251221486997,0.18805572783725338,0.19638153807472813,0.2145934306234031,1.0612156605794925,0.20840316365358938
45,2021-02-27,Juuso Valimaki,away,Calgary Flames,Ottawa Senators,D,15.933333333333,1,0,0,0.22,2,1,0,0,0,1,0,0.66,0.39,20202021,0.5648666666666561,0.5648666666666561,0.5648666666666561,0.5648666666666561,0.4351333333333439,0.5648666666666561,0.09513333333334395,0.17486666666665607,0.96,-0.15,0.141133333333344,0.9649958333333182,1.916129166666662,1998-10-06,22.410958904109588,22.0,46,111.81061827956975,0.21438689334454994,0.23271865424564653,0.23271865424564653,0.24721755981905832,0.1966083543511693,0.2127268224829066,1.060806514325666,0.20856342306656928
46,2021-03-01,Juuso Valimaki,away,Calgary Flames,Ottawa Senators,D,14.15,0,0,0,0.08,0,1,0,0,0,0,2,0.45,0.69,20202021,0.5078,0.5078,0.5078,0.5078,-0.5078,-1.4922,-0.05780000000000002,-0.18219999999999992,0.04,-0.15,-0.5378000000000001,-0.9570375,-1.6048375,1998-10-06,22.416438356164385,22.0,47,-1.7689516129032228,0.275514587661001,0.17195016294140464,0.17195016294140464,0.18315629745984321,0.19737148449895964,0.2109518575248688,1.0603991377122752,0.2092925519716885
47,2021-03-04,Juuso Valimaki,home,Calgary Flames,Ottawa Senators,D,17.116666666667,0,0,0,0.03,2,0,0,0,0,1,0,0.33,0.31,20202021,0.6027333333333441,0.6027333333333441,0.6027333333333441,0.6027333333333441,0.3972666666666559,0.6027333333333441,-0.2727333333333441,0.2927333333333441,0.115,0.0,-0.4247333333333441,1.203429166666682,0.893695833333338,1998-10-06,22.424657534246574,22.0,48,78.82889784946252,0.21007251016849637,0.19573931252164478,0.19573931252164478,0.205758107663185,0.19895867153435595,0.20917323617567407,1.0597913793543092,0.21085468493989604
48,2021-03-06,Juuso Valimaki,away,Calgary Flames,Edmonton Oilers,D,13.266666666667,0,0,0,0.08,2,0,0,0,0,0,1,0.39,0.38,20202021,0.47953333333334397,0.47953333333334397,0.47953333333334397,0.47953333333334397,-0.47953333333334397,-0.520466666666656,-0.08953333333334396,0.09953333333334397,0.14,0.0,-0.6055333333333439,0.29032916666668207,-0.17520416666666183,1998-10-06,22.43013698630137,22.0,49,44.348252688172195,0.23319208376535885,0.18355086385642255,0.18355086385642255,0.18547510254902633,0.20163633678193252,0.20771741343148814,1.0593884038566248,0.21361119698290834
49,2021-03-07,Juuso Valimaki,home,Calgary Flames,Ottawa Senators,D,11.966666666667,0,0,0,0.05,5,0,1,0,0,0,0,0.6,0.21,20202021,0.437933333333344,0.437933333333344,0.437933333333344,0.437933333333344,-0.437933333333344,0.437933333333344,0.16206666666665598,0.227933333333344,0.275,0.15,-0.2279333333333441,1.196529166666682,1.3935958333333378,1998-10-06,22.432876712328767,22.0,50,94.95470430107541,0.21978286309057768,0.22319433966234842,0.22319433966234842,0.23481422679574873,0.20553791559542162,0.20715712739082434,1.0591875731766272,0.21770320601529705
50,2021-03-11,Juuso Valimaki,home,Calgary Flames,Montreal Canadiens,D,13.666666666667,0,0,0,0.0,1,0,0,0,0,0,1,0.64,0.58,20202021,0.492333333333344,0.492333333333344,0.492333333333344,0.492333333333344,-0.492333333333344,-0.507666666666656,0.147666666666656,-0.08766666666665596,0.05,0.0,-0.21833333333334393,-0.15127083333331792,-0.31960416666666186,1998-10-06,22.443835616438356,22.0,51,39.690188172043165,0.25716746291517534,0.20545992825910506,0.20545992825910506,0.19530473291201653,0.21061987840991409,0.20794807743510504,1.0583886158143905,0.2229176815732642
51,2021-03-13,Juuso Valimaki,home,Calgary Flames,Montreal Canadiens,D,16.05,0,0,0,0.02,0,1,0,0,0,1,0,1.03,0.34,20202021,0.5686000000000001,0.5686000000000001,0.5686000000000001,0.5686000000000001,0.4313999999999999,0.5686000000000001,0.4613999999999999,0.22860000000000008,0.01,-0.15,0.7294,1.0853625000000002,1.6747625000000004,1998-10-06,22.44931506849315,22.0,52,104.02459677419355,0.23923275002723904,0.25334177025774146,0.25334177025774146,0.24136667552827085,0.21667351317413044,0.2101125781838853,1.057991747336528,0.22923878880464246
52,2021-03-15,Juuso Valimaki,home,Calgary Flames,Edmonton Oilers,D,12.516666666667,0,0,0,0.06,0,0,0,0,0,1,1,0.37,0.33,20202021,0.455533333333344,0.455533333333344,0.455533333333344,0.455533333333344,0.544466666666656,-0.544466666666656,-0.08553333333334401,0.125533333333344,0.03,0.0,-0.213533333333344,0.3708291666666821,0.18729583333333807,1998-10-06,22.454794520547946,22.0,53,56.04180107526897,0.28268494543327377,0.25119465082206566,0.25119465082206566,0.246193692220742,0.2234219422840949,0.21322643429764232,1.05759661216573,0.23629028924314605
53,2021-03-17,Juuso Valimaki,home,Calgary Flames,Edmonton Oilers,D,19.083333333333,0,0,0,0.06,1,0,1,0,0,1,1,0.32,0.59,20202021,0.6656666666666561,0.6656666666666561,0.6656666666666561,0.6656666666666561,0.3343333333333439,-0.3343333333333439,-0.3456666666666561,0.07566666666665611,0.08,0.15,-0.503666666666656,0.07489583333331828,-0.19877083333333778,1998-10-06,22.46027397260274,22.0,54,43.58803763440846,0.27987203037938485,0.23659963611722853,0.23659963611722853,0.23172094850040956,0.230716330605068,0.21719882087565917,1.0572032052116798,0.24391404421035545
54,2021-03-19,Juuso Valimaki,away,Calgary Flames,Toronto Maple Leafs,D,12.216666666667,0,0,0,0.01,2,1,0,0,0,2,0,0.14,0.62,20202021,0.445933333333344,0.445933333333344,0.445933333333344,0.445933333333344,1.554066666666656,0.445933333333344,-0.305933333333344,-0.174066666666656,0.10500000000000001,-0.15,-0.17193333333334404,0.26502916666668197,0.048095833333337945,1998-10-06,22.465753424657535,22.0,55,51.55147849462381,0.26611077882578527,0.23049834928484444,0.23049834928484444,0.22150299684791147,0.23845766532110405,0.2220668023521995,1.0568115214086007,0.2520048080795389
55,2021-03-20,Juuso Valimaki,away,Calgary Flames,Toronto Maple Leafs,D,12.65,0,0,0,0.01,0,0,0,0,0,0,2,0.2,0.72,20202021,0.4598,0.4598,0.4598,0.4598,-0.4598,-1.5402,-0.2598,-0.2602,0.005,0.0,-0.8897999999999999,-1.0950374999999999,-1.9798375,1998-10-06,22.46849315068493,22.0,56,-13.865725806451607,0.2599952521433717,0.1590992738451266,0.1590992738451266,0.15248795416537858,0.24657762750535953,0.2279253007171229,1.0566163241123345,0.26053794638305344
56,2021-03-22,Juuso Valimaki,away,Calgary Flames,Ottawa Senators,D,16.416666666667,0,0,0,0.02,1,0,0,0,0,1,0,0.94,0.33,20202021,0.580333333333344,0.580333333333344,0.580333333333344,0.580333333333344,0.419666666666656,0.580333333333344,0.3596666666666559,0.250333333333344,0.060000000000000005,0.0,0.5736666666666557,1.125229166666682,1.7588958333333378,1998-10-06,22.473972602739725,22.0,57,106.73857526881736,0.19876658720962206,0.21067977504068391,0.21067977504068391,0.2184214711755224,0.25484855544237445,0.23467069936419413,1.056227215590983,0.26917798011228344
57,2021-03-24,Juuso Valimaki,away,Calgary Flames,Ottawa Senators,D,14.733333333333,0,0,0,0.08,1,0,0,0,0,0,0,0.37,0.46,20202021,0.5264666666666561,0.5264666666666561,0.5264666666666561,0.5264666666666561,-0.5264666666666561,0.5264666666666561,-0.1564666666666561,0.06646666666665607,0.09,0.0,-0.6844666666666561,0.7487958333333181,0.15432916666666197,1998-10-06,22.47945205479452,22.0,58,54.97836021505361,0.2404344014050561,0.20886611421974374,0.20886611421974374,0.21553590273343087,0.2629428231207721,0.24200113455799055,1.0558398176629626,0.27762550241962064
58,2021-03-26,Juuso Valimaki,home,Calgary Flames,Winnipeg Jets,D,13.65,0,0,0,0.0,0,0,0,0,0,0,0,0.62,0.2,20202021,0.4918,0.4918,0.4918,0.4918,-0.4918,0.4918,0.12819999999999998,0.2918,0.0,0.0,-0.24980000000000002,1.2969625,1.0471625,1998-10-06,22.484931506849314,22.0,59,83.77943548387097,0.23818618903928562,0.23580246793751486,0.23580246793751486,0.23614776931279444,0.27060158699270553,0.24956252148649388,1.0554541253475613,0.28560756131704806
59,2021-04-02,Juuso Valimaki,away,Calgary Flames,Edmonton Oilers,D,14.066666666667,0,0,0,0.01,1,0,0,0,0,2,1,0.46,0.38,20202021,0.5051333333333441,0.5051333333333441,0.5051333333333441,0.5051333333333441,1.494866666666656,-0.4948666666666559,-0.04513333333334407,0.1251333333333441,0.055,0.0,0.28086666666665594,0.32712916666668224,0.6629958333333381,1998-10-06,22.504109589041096,22.0,60,71.38696236559156,0.25884784527659815,0.24950792881818618,0.24950792881818618,0.24173553162515843,0.2778388208397345,0.2571783251599812,1.0541175625947041,0.2928747806177676
60,2021-04-10,Juuso Valimaki,home,Calgary Flames,Edmonton Oilers,D,14.933333333333,0,0,1,0.02,2,0,0,0,0,1,0,0.4,0.44,20202021,0.532866666666656,0.532866666666656,0.532866666666656,0.532866666666656,0.46713333333334395,0.532866666666656,-0.13286666666665603,0.09286666666665605,0.66,0.0,-0.24286666666665602,0.8039958333333181,1.2211291666666622,1998-10-06,22.526027397260275,22.0,61,89.39126344086007,0.2690448736991117,0.28063480463492885,0.28063480463492885,0.27114205253041207,0.2849961278698113,0.2649696755743865,1.0526153029482357,0.2999912854767556
61,2021-04-13,Juuso Valimaki,away,Calgary Flames,Toronto Maple Leafs,D,14.966666666667,1,0,0,0.19,0,0,0,0,0,1,2,0.44,0.48,20202021,0.533933333333344,0.533933333333344,0.533933333333344,0.533933333333344,0.46606666666665597,-1.466066666666656,-0.09393333333334403,0.05393333333334405,0.845,0.0,-0.17993333333334405,-0.4364708333333176,0.22859583333333833,1998-10-06,22.534246575342465,22.0,62,57.3740591397851,0.2928271553036234,0.2789699530489568,0.2789699530489568,0.25489006364630723,0.29214664152486725,0.27293263304537674,1.0520588370180006,0.30735545592136654
62,2021-04-14,Juuso Valimaki,away,Calgary Flames,Montreal Canadiens,D,13.633333333333,0,0,0,0.03,3,0,0,0,0,0,0,1.03,0.12,20202021,0.491266666666656,0.491266666666656,0.491266666666656,0.491266666666656,-0.491266666666656,0.491266666666656,0.5387333333333439,0.37126666666665603,0.16500000000000004,0.0,0.40673333333334405,1.480195833333318,2.051929166666662,1998-10-06,22.53698630136986,22.0,63,116.19126344086007,0.29125304269887076,0.33561870581258657,0.33561870581258657,0.3108143021500718,0.2991986111448488,0.28112159116316,1.051874177715523,0.31471929307161434
63,2021-04-16,Juuso Valimaki,away,Calgary Flames,Montreal Canadiens,D,13.5,0,0,0,0.06,0,1,0,0,0,0,0,0.35,0.43,20202021,0.487,0.487,0.487,0.487,-0.487,0.487,-0.137,0.056999999999999995,0.03,-0.15,-0.677,0.7610625000000001,-0.035937499999999956,1998-10-06,22.542465753424658,22.0,64,48.840725806451616,0.33344819330034425,0.3237611504632441,0.3237611504632441,0.30098322043585196,0.3059272718699704,0.28987414041764936,1.05150609957232,0.3216843923967933
64,2021-04-19,Juuso Valimaki,home,Calgary Flames,Ottawa Senators,D,12.833333333333,0,0,0,0.1,3,1,0,0,0,1,1,0.35,0.62,20202021,0.465666666666656,0.465666666666656,0.465666666666656,0.465666666666656,0.534333333333344,-0.534333333333344,-0.11566666666665604,-0.15433333333334398,0.2,-0.15,-0.25566666666665605,-0.28160416666668175,-0.48727083333333776,1998-10-06,22.55068493150685,22.0,65,34.281586021505234,0.32477065026800717,0.29790762394168535,0.29790762394168535,0.2974185533563733,0.31210776305842247,0.2992267702793218,1.0509570746855923,0.32801186165054363
65,2021-04-23,Juuso Valimaki,home,Calgary Flames,Montreal Canadiens,D,12.333333333333,0,0,0,0.05,0,0,0,0,0,0,0,0.85,0.38,20202021,0.449666666666656,0.449666666666656,0.449666666666656,0.449666666666656,-0.449666666666656,0.449666666666656,0.400333333333344,0.069666666666656,0.025,0.0,0.16033333333334387,0.822395833333318,1.007729166666662,1998-10-06,22.561643835616437,22.0,66,82.50739247311813,0.30602761419270086,0.3205109477344336,0.3205109477344336,0.2972125308958716,0.31759438079614905,0.308945326224463,1.050230789282054,0.3335473972150848
66,2021-04-24,Juuso Valimaki,home,Calgary Flames,Montreal Canadiens,D,20.316666666667,0,0,0,0.05,2,1,1,0,0,2,0,0.62,0.5,20202021,0.705133333333344,0.705133333333344,0.705133333333344,0.705133333333344,1.294866666666656,0.705133333333344,-0.08513333333334405,0.20513333333334405,0.125,0.0,0.336866666666656,0.9136291666666821,1.3754958333333382,1998-10-06,22.564383561643837,22.0,67,94.3708333333335,0.3219770164582641,0.3540722637200946,0.3540722637200946,0.3287246568245278,0.3223653506717213,0.31871056852812163,1.050050240443921,0.3384998139836298
67,2021-04-26,Juuso Valimaki,home,Calgary Flames,Montreal Canadiens,D,14.833333333333,0,0,0,0.03,2,0,0,0,0,0,0,0.32,0.42,20202021,0.5296666666666561,0.5296666666666561,0.5296666666666561,0.5296666666666561,-0.5296666666666561,0.5296666666666561,-0.20966666666665607,0.10966666666665609,0.115,0.0,-0.7676666666666561,0.8453958333333182,0.19272916666666218,1998-10-06,22.56986301369863,22.0,68,56.21706989247297,0.3454346328700888,0.3489443667081287,0.3489443667081287,0.3240239610560292,0.3265611093521871,0.32829765342491385,1.0496903657370116,0.3427880503113815
68,2021-04-29,Juuso Valimaki,away,Calgary Flames,Edmonton Oilers,D,12.733333333333,0,0,0,0.02,0,0,0,0,0,1,1,0.78,0.51,20202021,0.46246666666665603,0.46246666666665603,0.46246666666665603,0.46246666666665603,0.537533333333344,-0.537533333333344,0.317533333333344,-0.047533333333343974,0.01,0.0,0.435533333333344,-0.0332041666666818,0.4123291666666622,1998-10-06,22.578082191780823,22.0,69,63.30094086021491,0.34209611394335554,0.3509571411083445,0.3509571411083445,0.3298488329462772,0.33043560400673117,0.3376602163738627,1.0491536024815697,0.3466777043318354
69,2021-05-01,Juuso Valimaki,away,Calgary Flames,Edmonton Oilers,D,13.516666666667,0,0,0,0.03,1,1,0,0,0,0,0,0.28,0.12,20202021,0.487533333333344,0.487533333333344,0.487533333333344,0.487533333333344,-0.487533333333344,0.487533333333344,-0.20753333333334395,0.367533333333344,0.065,-0.15,-0.789533333333344,1.474829166666682,0.600295833333338,1998-10-06,22.583561643835615,22.0,70,69.36438172043026,0.34360717369057964,0.3588683726955527,0.3588683726955527,0.33678955441906605,0.33409050134818635,0.34668354274750157,1.0487977861765012,0.35039337819657523
70,2021-05-05,Juuso Valimaki,home,Calgary Flames,Winnipeg Jets,D,17.633333333333,0,0,0,0.01,2,0,0,0,0,0,1,0.52,0.48,20202021,0.619266666666656,0.619266666666656,0.619266666666656,0.619266666666656,-0.619266666666656,-0.380733333333344,-0.09926666666665596,0.139266666666656,0.10500000000000001,0.0,-0.5372666666666559,0.2611958333333182,-0.17107083333333772,1998-10-06,22.594520547945205,22.0,71,44.48158602150524,0.3490337363883097,0.34206691945450607,0.34206691945450607,0.32680198110506536,0.337535894428604,0.3551803756393387,1.048090995190751,0.35376833150427583
71,2021-05-16,Juuso Valimaki,away,Calgary Flames,Vancouver Canucks,D,18.633333333333,0,1,0,0.15,0,0,0,0,0,2,1,1.13,0.49,20202021,0.651266666666656,0.651266666666656,0.651266666666656,0.651266666666656,1.348733333333344,-0.348733333333344,0.4787333333333439,0.161266666666656,0.7749999999999999,0.0,1.2067333333333436,0.2841958333333181,2.2659291666666617,1998-10-06,22.624657534246577,22.0,72,123.09448924731167,0.3381852321780034,0.4030180442604133,0.4030180442604133,0.38960440403290275,0.34068362553281745,0.36284763436777795,1.0461803436809607,0.35641651244639866
72,2021-05-19,Juuso Valimaki,home,Calgary Flames,Vancouver Canucks,D,18.3,0,0,1,0.01,2,1,0,0,0,2,0,0.65,1.15,20202021,0.6406000000000001,0.6406000000000001,0.6406000000000001,0.6406000000000001,1.3594,0.6406000000000001,0.009399999999999964,-0.5093999999999999,0.655,-0.15,0.4494,-0.6741374999999994,0.28026250000000064,1998-10-06,22.632876712328766,22.0,73,59.04072580645163,0.37839138274770806,0.39913157592729187,0.39913157592729187,0.3840559074499087,0.3435446620081553,0.36938296146802796,1.0456675930306327,0.35923351982059004
73,2021-10-16,Juuso Valimaki,away,Calgary Flames,Edmonton Oilers,D,12.05,0,0,1,0.04,0,0,0,0,0,1,0,0.77,0.08,20212022,0.44060000000000005,0.44060000000000005,0.44060000000000005,0.44060000000000005,0.5593999999999999,0.44060000000000005,0.32939999999999997,0.36060000000000003,0.5700000000000001,0.0,0.4413999999999998,1.4993625000000002,2.5107625000000002,1998-10-06,23.043835616438358,23.0,74,130.99233870967743,0.37637528791869296,0.4659438746854418,0.4659438746854418,0.5306715710947703,0.34622964562856384,0.3746032191834135,1.0242688901810457,0.35463225487574584
74,2021-10-18,Juuso Valimaki,home,Calgary Flames,Anaheim Ducks,D,16.166666666667,0,0,0,0.2,0,0,0,0,0,0,1,1.77,0.29,20212022,0.572333333333344,0.572333333333344,0.572333333333344,0.572333333333344,-0.572333333333344,-0.427666666666656,1.197666666666656,0.28233333333334404,0.1,0.0,1.5096666666666558,0.6307291666666821,2.240395833333338,1998-10-06,23.04931506849315,23.0,75,122.27083333333347,0.4332079638743315,0.5220543608466938,0.5220543608466938,0.65312040531542,0.3488627666802714,0.3785366848669995,1.024036122123984,0.3572480747447093
75,2021-10-21,Juuso Valimaki,away,Calgary Flames,Detroit Red Wings,D,15.9,0,0,0,0.0,0,0,0,0,0,1,0,0.49,0.74,20212022,0.5638000000000001,0.5638000000000001,0.5638000000000001,0.5638000000000001,0.4361999999999999,0.5638000000000001,-0.07380000000000009,-0.1761999999999999,0.0,0.0,-0.12980000000000014,0.15846250000000017,0.028662500000000035,1998-10-06,23.057534246575344,23.0,76,50.924596774193546,0.48025476772818415,0.5064613814852295,0.5064613814852295,0.5655813558239928,0.3515001962476445,0.3814380237342009,1.0236894006362112,0.3598270252202618
76,2021-10-23,Juuso Valimaki,away,Calgary Flames,Washington Capitals,D,14.65,0,0,0,0.02,1,2,1,0,0,0,0,0.26,0.89,20212022,0.5238,0.5238,0.5238,0.5238,-0.5238,0.5238,-0.26380000000000003,-0.36619999999999997,0.060000000000000005,-0.15,-0.8578,-0.2440374999999999,-1.1918374999999999,1998-10-06,23.063013698630137,23.0,77,11.553629032258065,0.4687325709806346,0.4528170851994213,0.4528170851994213,0.47127531818970225,0.3540868785224051,0.38369739779391265,1.023459868915859,0.3623937102773664
77,2021-10-25,Juuso Valimaki,away,Calgary Flames,New York Rangers,D,16.616666666667,0,0,0,0.07,1,0,0,0,0,0,1,0.29,1.11,20212022,0.5867333333333441,0.5867333333333441,0.5867333333333441,0.5867333333333441,-0.5867333333333441,-0.4132666666666559,-0.2967333333333441,-0.523266666666656,0.085,0.0,-0.8727333333333441,-1.2345708333333179,-2.022304166666662,1998-10-06,23.068493150684933,23.0,78,-15.235618279569735,0.427263855764533,0.3746736931523239,0.3746736931523239,0.43740662828356514,0.35661791994145287,0.38550772147057777,1.0232316263955565,0.3649027342234932
78,2021-10-26,Juuso Valimaki,away,Calgary Flames,New Jersey Devils,D,16.216666666667,0,0,0,0.03,2,2,1,0,0,0,1,0.45,0.55,20212022,0.5739333333333441,0.5739333333333441,0.5739333333333441,0.5739333333333441,-0.5739333333333441,-0.42606666666665594,-0.12393333333334405,0.02393333333334402,0.115,-0.15,-0.6039333333333441,0.03502916666668221,-0.6039041666666619,1998-10-06,23.07123287671233,23.0,79,30.51922043010768,0.36735956636374606,0.34379274005821625,0.34379274005821625,0.3654302694552429,0.35905965795155514,0.3869628657734043,1.0231179876386522,0.3673603946856179
79,2021-10-28,Juuso Valimaki,away,Calgary Flames,Pittsburgh Penguins,D,18.533333333333,0,0,0,0.0,3,0,0,0,0,1,0,0.64,0.78,20212022,0.6480666666666561,0.6480666666666561,0.6480666666666561,0.6480666666666561,0.35193333333334387,0.6480666666666561,-0.00806666666665612,-0.1319333333333439,0.15000000000000002,0.0,0.02593333333334391,0.1875958333333182,0.36352916666666213,1998-10-06,23.076712328767123,23.0,80,61.72674731182781,0.3441310347206492,0.3444152921978037,0.3444152921978037,0.3773697374468194,0.3612253563676421,0.3880706428521604,1.0228916732451925,0.36949440919348836
80,2021-11-21,Juuso Valimaki,away,Calgary Flames,Boston Bruins,D,16.683333333333,0,1,0,0.02,2,1,1,0,0,2,0,0.46,0.6,20212022,0.5888666666666561,0.5888666666666561,0.5888666666666561,0.5888666666666561,1.411133333333344,0.5888666666666561,-0.12886666666665608,-0.011133333333343876,0.8099999999999999,0.0,0.19713333333334382,0.5164958333333183,1.523629166666662,1998-10-06,23.14246575342466,23.0,81,99.1493279569891,0.3445858124809985,0.38159648222547526,0.38159648222547526,0.4200613971189053,0.36306053297082197,0.38901399037587053,1.020275022655387,0.37042159350208226
81,2022-04-07,Juuso Valimaki,away,Calgary Flames,San Jose Sharks,D,14.533333333333,0,0,0,0.04,0,0,0,0,0,0,1,0.38,0.94,20212022,0.520066666666656,0.520066666666656,0.520066666666656,0.520066666666656,-0.520066666666656,-0.479933333333344,-0.14006666666665601,-0.41993333333334393,0.02,0.0,-0.662066666666656,-0.9394041666666817,-1.5814708333333378,1998-10-06,23.517808219178082,23.0,82,-1.0151881720431533,0.37283017858197004,0.31972360893979096,0.31972360893979096,0.32622816506031693,0.36464985957493734,0.39009688462003317,1.0086384301062705,0.3677998619001368
82,2022-10-17,Juuso Valimaki,away,Arizona Coyotes,Toronto Maple Leafs,D,13.783333333333,0,0,0,0.0,0,0,0,0,0,1,0,0.53,0.33,20222023,0.496066666666656,0.496066666666656,0.496066666666656,0.496066666666656,0.503933333333344,0.496066666666656,0.03393333333334403,0.16606666666665598,0.0,0.0,0.0019333333333440006,1.004095833333318,1.006029166666662,1998-10-06,24.046575342465754,24.0,83,82.4525537634407,0.31385857641893483,0.3413471696993304,0.36649245023727417,0.42222707715315205,0.36612847683489436,0.3915690155694018,1.0007147300389043,0.36639015985538653
83,2022-10-20,Juuso Valimaki,away,Arizona Coyotes,Montreal Canadiens,D,18.216666666667,0,0,0,0.07,4,0,0,0,0,0,1,0.41,0.46,20222023,0.637933333333344,0.637933333333344,0.637933333333344,0.637933333333344,-0.637933333333344,-0.362066666666656,-0.22793333333334403,0.177933333333344,0.23500000000000001,0.0,-0.7319333333333441,0.33402916666668203,-0.16290416666666208,1998-10-06,24.054794520547944,24.0,84,44.74502688172058,0.3427852205285033,0.32546495942348863,0.317264199256897,0.3914729229189297,0.3675574539423003,0.3934216392462164,1.000662156601684,0.3678008345369264
84,2022-10-22,Juuso Valimaki,away,Arizona Coyotes,Ottawa Senators,D,17.783333333333,0,0,1,0.01,1,0,1,0,0,1,1,0.31,0.54,20222023,0.6240666666666561,0.6240666666666561,0.6240666666666561,0.6240666666666561,0.3759333333333439,-0.3759333333333439,-0.3140666666666561,0.08406666666665608,0.6050000000000001,0.15,-0.4780666666666561,0.1300958333333182,0.4070291666666622,1998-10-06,24.06027397260274,24.0,85,63.12997311827942,0.32238782732316607,0.328033146679248,0.34406328201293945,0.3837087581946526,0.3688779002637586,0.395330411559401,1.0006282442765024,0.36910964569332755
85,2022-10-25,Juuso Valimaki,away,Arizona Coyotes,Columbus Blue Jackets,D,18.916666666667,0,1,0,0.01,0,0,0,0,0,1,1,0.29,0.75,20222023,0.660333333333344,0.660333333333344,0.660333333333344,0.660333333333344,0.339666666666656,-0.339666666666656,-0.370333333333344,-0.08966666666665601,0.705,0.0,-0.546333333333344,-0.3007708333333179,-0.14210416666666192,1998-10-06,24.068493150684933,24.0,86,45.41599462365607,0.3256815965515303,0.31323445196017363,0.35098519921302795,0.4263959385791861,0.37014144477179906,0.39724356534309824,1.0005790772668803,0.3703557852679967
86,2022-10-28,Juuso Valimaki,home,Arizona Coyotes,Winnipeg Jets,D,16.65,0,0,0,0.02,0,0,0,0,0,1,0,0.55,0.21,20222023,0.5878,0.5878,0.5878,0.5878,0.4122,0.5878,-0.037799999999999945,0.3778,0.01,0.0,-0.05779999999999985,1.4119625,1.3641625000000002,1998-10-06,24.076712328767123,24.0,87,94.00524193548387,0.3080630086746593,0.34630574802522857,0.3310898542404175,0.3962999002237525,0.37129800266521945,0.3990695138322344,1.0005319478897232,0.37149551385419566
87,2022-10-30,Juuso Valimaki,home,Arizona Coyotes,New York Rangers,D,20.133333333333,0,0,0,0.0,1,0,0,0,0,1,0,1.04,0.68,20222023,0.699266666666656,0.699266666666656,0.699266666666656,0.699266666666656,0.30073333333334396,0.699266666666656,0.340733333333344,0.019266666666655996,0.05,0.0,0.614733333333344,0.49119583333331795,1.155929166666662,1998-10-06,24.08219178082192,24.0,88,87.28803763440845,0.34660803892077496,0.37177688122088126,0.31148040294647217,0.34984264430056145,0.37187354224106056,0.4002572417012082,1.0005016580343864,0.37206009559130154
88,2022-11-01,Juuso Valimaki,home,Arizona Coyotes,Florida Panthers,D,17.283333333333,0,0,0,0.0,2,0,0,0,0,0,0,0.3,0.7,20222023,0.6080666666666561,0.6080666666666561,0.6080666666666561,0.6080666666666561,-0.6080666666666561,0.6080666666666561,-0.3080666666666561,-0.09193333333334386,0.1,0.0,-0.8780666666666561,0.31409583333331836,-0.4639708333333378,1998-10-06,24.087671232876712,24.0,89,35.03319892473104,0.37521129235770695,0.3454902853781228,0.3276866376399994,0.3528118120722466,0.37169187119409547,0.40057720765865534,1.0004722703690896,0.3718674102512919
89,2022-11-03,Juuso Valimaki,home,Arizona Coyotes,Dallas Stars,D,15.6,1,0,0,0.34,0,0,0,0,0,1,1,1.13,0.27,20222023,0.5542,0.5542,0.5542,0.5542,0.4458,-0.4458,0.5757999999999999,0.2842,0.92,0.0,0.9037999999999997,0.6506625000000001,2.4744625,1998-10-06,24.09315068493151,24.0,90,129.82137096774193,0.3464593034124023,0.41243705580946816,0.3523765802383423,0.3919607478908911,0.37090429292711247,0.4001716320315052,1.0004437835344264,0.3710688941451616
90,2022-11-05,Juuso Valimaki,away,Arizona Coyotes,Washington Capitals,D,16.483333333333,0,0,0,0.29,2,1,0,0,0,1,0,1.26,0.61,20222023,0.582466666666656,0.582466666666656,0.582466666666656,0.582466666666656,0.41753333333334397,0.582466666666656,0.677533333333344,-0.027533333333343957,0.245,-0.15,1.083533333333344,0.48429583333331816,1.6628291666666621,1998-10-06,24.0986301369863,24.0,91,103.63965053763425,0.41721414230290527,0.45174791071305265,0.3351063132286072,0.394672498920829,0.3697663024484791,0.399334210952334,1.0004161961767548,0.3699201977698509
91,2022-11-08,Juuso Valimaki,away,Arizona Coyotes,Buffalo Sabres,D,19.1,0,1,0,0.06,1,0,0,0,0,2,0,0.47,0.33,20222023,0.6662000000000001,0.6662000000000001,0.6662000000000001,0.6662000000000001,1.3337999999999999,0.6662000000000001,-0.19620000000000015,0.3362000000000001,0.78,0.0,0.13579999999999992,1.2486625000000002,2.1644625,1998-10-06,24.106849315068494,24.0,92,119.82137096774193,0.45744570062153594,0.5055827780252972,0.38016122579574585,0.4316451231088043,0.36840678854041226,0.3983044579902393,1.0003764987127068,0.36854549322205016
92,2022-11-10,Juuso Valimaki,away,Arizona Coyotes,New York Islanders,D,17.7,0,0,0,0.02,1,0,0,0,0,0,0,0.63,0.59,20222023,0.6214000000000001,0.6214000000000001,0.6214000000000001,0.6214000000000001,-0.6214000000000001,0.6214000000000001,0.008599999999999941,0.031400000000000095,0.060000000000000005,0.0,-0.36340000000000006,0.5862625000000002,0.2828625000000002,1998-10-06,24.112328767123287,24.0,93,59.124596774193556,0.5111518615037751,0.49858345236323925,0.4048556983470917,0.4491566909859425,0.3667277794520014,0.3971430621035416,1.0003511541629821,0.3668565574384372
93,2022-11-12,Juuso Valimaki,away,Arizona Coyotes,New Jersey Devils,D,17.25,0,0,1,0.0,1,0,2,0,0,0,1,0.09,0.39,20222023,0.6070000000000001,0.6070000000000001,0.6070000000000001,0.6070000000000001,-0.6070000000000001,-0.3929999999999999,-0.5170000000000001,0.21700000000000008,0.6000000000000001,0.3,-1.213,0.4505625000000002,0.13756250000000025,1998-10-06,24.117808219178084,24.0,94,54.43750000000001,0.504162687553318,0.4872398313027269,0.4853735864162445,0.48129331010579995,0.3648111628135919,0.39594603543206797,1.0003267043975113,0.3649303482247443
94,2022-11-13,Juuso Valimaki,away,Arizona Coyotes,New York Rangers,D,19.283333333333,0,0,0,0.02,2,1,0,0,0,0,2,0.53,0.8,20222023,0.672066666666656,0.672066666666656,0.672066666666656,0.672066666666656,-0.672066666666656,-1.3279333333333438,-0.14206666666665602,-0.127933333333344,0.11,-0.15,-0.5740666666666561,-0.9739041666666821,-1.5879708333333382,1998-10-06,24.12054794520548,24.0,95,-1.2248655913980073,0.4932320714393165,0.4220456082649628,0.4731508195400238,0.5170542353842906,0.3628025159134574,0.39462109445930094,1.0003148146436647,0.36291673145822534
95,2022-11-17,Juuso Valimaki,away,Arizona Coyotes,Vegas Golden Knights,D,17.5,0,0,0,0.1,0,0,0,0,0,0,1,0.58,0.76,20222023,0.6150000000000001,0.6150000000000001,0.6150000000000001,0.6150000000000001,-0.6150000000000001,-0.3849999999999999,-0.03500000000000014,-0.1449999999999999,0.05,0.0,-0.43700000000000017,-0.3889374999999997,-0.7759375,1998-10-06,24.13150684931507,24.0,96,24.96975806451613,0.4328634123594174,0.38441599946923766,0.48880353569984436,0.5121786298071686,0.3608048177973219,0.3925427166384546,1.0002694859636272,0.3609020496313273
96,2022-11-21,Juuso Valimaki,away,Arizona Coyotes,Nashville Predators,D,15.366666666667,0,0,0,0.02,0,2,0,0,0,0,0,0.76,0.59,20222023,0.5467333333333441,0.5467333333333441,0.5467333333333441,0.5467333333333441,-0.5467333333333441,0.5467333333333441,0.21326666666665595,-0.043266666666655906,0.01,-0.3,-0.08073333333334409,0.47892916666668217,0.1081958333333381,1998-10-06,24.14246575342466,24.0,97,53.49018817204316,0.39853486571991287,0.3757409758466475,0.5066307187080383,0.5776920867944462,0.3589014215514701,0.3894262074741065,1.0002277179319874,0.3589831498409731
97,2022-11-25,Juuso Valimaki,away,Arizona Coyotes,Detroit Red Wings,D,15.883333333333,0,0,0,0.0,1,1,0,0,0,1,1,0.42,0.45,20222023,0.563266666666656,0.563266666666656,0.563266666666656,0.563266666666656,0.43673333333334396,-0.43673333333334396,-0.14326666666665605,0.11326666666665602,0.05,-0.15,-0.2412666666666562,0.24969583333331813,-0.09157083333333804,1998-10-06,24.153424657534245,24.0,98,47.04610215053748,0.39045753071557443,0.3610665118830557,0.51291823387146,0.5991036483814647,0.3571580589026767,0.3853796501200485,1.0001895001032317,0.3572257403917088
98,2022-11-27,Juuso Valimaki,away,Arizona Coyotes,Minnesota Wild,D,20.0,0,0,0,0.15,3,0,0,0,0,1,0,0.36,0.47,20222023,0.6950000000000001,0.6950000000000001,0.6950000000000001,0.6950000000000001,0.30499999999999994,0.6950000000000001,-0.3350000000000001,0.2250000000000001,0.22500000000000003,0.0,-0.4690000000000001,0.9680625000000003,0.7240625000000003,1998-10-06,24.15890410958904,24.0,99,73.3568548387097,0.37731304851199593,0.37246379167835036,0.45262986421585083,0.5184463534004343,0.3555446461970428,0.3806680327034021,1.000171719274887,0.35560570006587766
99,2022-12-03,Juuso Valimaki,away,Arizona Coyotes,Vancouver Canucks,D,11.25,0,0,1,0.03,0,0,0,0,0,1,0,0.46,0.17,20222023,0.415,0.415,0.415,0.415,0.585,0.415,0.04500000000000004,0.24499999999999997,0.5650000000000001,0.0,-0.028999999999999915,1.2555625,1.7915625,1998-10-06,24.175342465753424,24.0,100,107.79233870967741,0.3865518601157084,0.4170149854246452,0.46894803643226624,0.5516596851664022,0.35385262210416774,0.37553235232644194,1.0001236737133394,0.3538963843719182
100,2022-12-05,Juuso Valimaki,away,Arizona Coyotes,Calgary Flames,D,12.316666666667,0,0,0,0.0,1,0,0,0,0,0,0,0.11,0.26,20222023,0.449133333333344,0.449133333333344,0.449133333333344,0.449133333333344,-0.449133333333344,0.449133333333344,-0.339133333333344,0.18913333333334398,0.05,0.0,-1.023133333333344,1.097629166666682,0.12449583333333791,1998-10-06,24.18082191780822,24.0,101,54.01599462365606,0.42342443922758816,0.40783268178402843,0.3769510090351105,0.40896526297239694,0.3516940800753581,0.3700766854687423,1.0001094199155167,0.35173256241188766
101,2022-12-07,Juuso Valimaki,away,Arizona Coyotes,Edmonton Oilers,D,15.266666666667,0,0,0,0.04,1,1,0,0,0,0,4,0.24,1.08,20222023,0.543533333333344,0.543533333333344,0.543533333333344,0.543533333333344,-0.543533333333344,-3.456466666666656,-0.303533333333344,-0.5364666666666561,0.07,-0.15,-0.909533333333344,-2.9526708333333174,-3.942204166666661,1998-10-06,24.186301369863013,24.0,102,-77.16787634408584,0.4157515984195665,0.2712977019760039,0.38820451498031616,0.4404342704609821,0.3489545793752756,0.36443296011331794,1.000096044699979,0.34898809461315794
102,2022-12-09,Juuso Valimaki,home,Arizona Coyotes,Boston Bruins,D,8.6166666666667,0,0,0,0.0,1,0,0,0,0,0,0,0.23,0.32,20222023,0.3307333333333344,0.3307333333333344,0.3307333333333344,0.3307333333333344,-0.3307333333333344,0.3307333333333344,-0.10073333333333437,0.010733333333334372,0.05,0.0,-0.7127333333333343,0.7894291666666682,0.1266958333333339,1998-10-06,24.19178082191781,24.0,103,54.08696236559142,0.3062851578673414,0.2667595251925541,0.4284725785255432,0.4371039615335856,0.3455157167776747,0.35860251270657645,1.0000835468073783,0.3455445835127105
103,2022-12-11,Juuso Valimaki,home,Arizona Coyotes,Philadelphia Flyers,D,10.533333333333,0,0,0,0.11,0,0,0,0,0,0,2,0.49,0.42,20222023,0.39206666666665596,0.39206666666665596,0.39206666666665596,0.39206666666665596,-0.39206666666665596,-1.607933333333344,0.09793333333334403,-0.027933333333344024,0.055,0.0,-0.35806666666665593,-0.5024041666666819,-0.8054708333333378,1998-10-06,24.197260273972603,24.0,104,24.017069892472975,0.3018682171205727,0.23311187064282002,0.2317928820848465,0.2684066675834917,0.3409211181036814,0.3522001563769247,1.0000719249836487,0.34094563884952656
104,2022-12-13,Juuso Valimaki,away,Arizona Coyotes,San Jose Sharks,D,9.25,0,0,0,0.03,0,0,0,0,0,0,0,0.12,0.93,20222023,0.351,0.351,0.351,0.351,-0.351,0.351,-0.23099999999999998,-0.5790000000000001,0.015,0.0,-0.909,-0.5844374999999999,-1.4784375,1998-10-06,24.202739726027396,24.0,105,2.3084677419354804,0.27518811638292134,0.1794064851374798,0.31199854612350464,0.3487617560088156,0.3351461615199809,0.3452712661134808,1.0000611779800794,0.33516666508517406
105,2022-12-16,Juuso Valimaki,home,Arizona Coyotes,New York Islanders,D,9.0666666666667,0,0,0,0.02,0,0,0,0,0,0,0,0.19,0.2,20222023,0.3451333333333344,0.3451333333333344,0.3451333333333344,0.3451333333333344,-0.3451333333333344,0.3451333333333344,-0.1551333333333344,0.1451333333333344,0.01,0.0,-0.7911333333333344,1.0861291666666681,0.3049958333333338,1998-10-06,24.21095890410959,24.0,106,59.83857526881722,0.23377645669136174,0.1833469302804668,0.2829323709011078,0.3095669253972031,0.3285816504261443,0.33823069011786483,1.0000466950440559,0.32859699356078687
106,2022-12-17,Juuso Valimaki,home,Arizona Coyotes,Buffalo Sabres,D,10.633333333333,0,0,0,0.01,1,0,1,0,0,1,0,0.45,0.58,20222023,0.395266666666656,0.395266666666656,0.395266666666656,0.395266666666656,0.604733333333344,0.395266666666656,0.054733333333344014,-0.18473333333334396,0.055,0.15,-0.02526666666665589,0.2841958333333182,0.4639291666666623,1998-10-06,24.213698630136985,24.0,107,64.96545698924717,0.23542870926422793,0.19214969188150952,0.24989674985408783,0.2757548541223546,0.3217399238925609,0.33151716878840104,1.0000423034651174,0.32175353460620815
107,2022-12-19,Juuso Valimaki,home,Arizona Coyotes,Montreal Canadiens,D,6.7333333333333,0,0,0,0.0,0,0,0,0,0,0,0,0.29,0.18,20222023,0.2704666666666656,0.2704666666666656,0.2704666666666656,0.2704666666666656,-0.2704666666666656,0.2704666666666656,0.0195333333333344,0.09046666666666558,0.0,0.0,-0.5564666666666656,1.0247958333333318,0.46832916666666624,1998-10-06,24.21917808219178,24.0,108,65.10739247311827,0.2406192798026751,0.20081369371232446,0.2522410750389099,0.28856541081022163,0.31482952395205405,0.325159843977548,1.0000341734826994,0.3148402827733441
108,2022-12-21,Juuso Valimaki,away,Arizona Coyotes,Vegas Golden Knights,D,12.35,1,0,0,0.18,2,0,0,0,0,1,1,0.59,0.32,20222023,0.4502,0.4502,0.4502,0.4502,0.5498000000000001,-0.5498000000000001,0.13979999999999998,0.13019999999999998,0.94,0.0,0.14379999999999993,0.38616249999999996,1.4699624999999998,1998-10-06,24.224657534246575,24.0,109,97.41814516129031,0.2456959132950867,0.24062532755775842,0.2597239315509796,0.2750405120441854,0.3076123126755978,0.318687471099635,1.0000269133783686,0.30762059156215965
109,2022-12-23,Juuso Valimaki,home,Arizona Coyotes,Los Angeles Kings,D,20.533333333333,0,0,0,0.08,0,0,1,0,0,0,0,0.66,0.28,20222023,0.7120666666666561,0.7120666666666561,0.7120666666666561,0.7120666666666561,-0.7120666666666561,0.7120666666666561,-0.05206666666665605,0.43206666666665605,0.04,0.15,-0.4060666666666561,1.429595833333318,1.213529166666662,1998-10-06,24.23013698630137,24.0,110,89.14610215053749,0.2724947234975348,0.27114216491742676,0.25969696044921875,0.2802103268745726,0.3002126887637117,0.31215862185173604,1.0000205219297102,0.30021884970740864
110,2022-12-27,Juuso Valimaki,home,Arizona Coyotes,Colorado Avalanche,D,17.466666666667,0,0,1,0.0,2,0,0,0,0,2,0,1.05,1.07,20222023,0.613933333333344,0.613933333333344,0.613933333333344,0.613933333333344,1.3860666666666561,0.613933333333344,0.43606666666665606,-0.4560666666666561,0.65,0.0,1.116066666666656,-0.5284708333333181,1.237595833333338,1998-10-06,24.24109589041096,24.0,111,89.9224462365593,0.2927278593584412,0.3014548573762743,0.2733374834060669,0.2934534800277596,0.29282275527716967,0.3057751202702428,1.0000103401356024,0.2928257831041667
111,2022-12-29,Juuso Valimaki,home,Arizona Coyotes,Toronto Maple Leafs,D,12.65,0,1,0,0.0,0,1,0,0,0,0,0,0.0,0.08,20222023,0.4598,0.4598,0.4598,0.4598,-0.4598,0.4598,-0.4598,0.37979999999999997,0.7,-0.15,-1.2098,1.5269625,0.8671625,1998-10-06,24.246575342465754,24.0,112,77.97298387096774,0.31276498829037436,0.3191972016072602,0.2806703746318817,0.2858695972388403,0.2854549769157015,0.299560799647454,1.0000065473711848,0.2854568458953919
112,2022-12-31,Juuso Valimaki,away,Arizona Coyotes,Tampa Bay Lightning,D,14.3,0,0,0,0.0,0,0,0,0,0,1,1,0.21,0.25,20222023,0.5126000000000001,0.5126000000000001,0.5126000000000001,0.5126000000000001,0.48739999999999994,-0.48739999999999994,-0.3026000000000001,0.26260000000000006,0.0,0.0,-0.5266000000000001,0.6368625000000001,0.11026250000000004,1998-10-06,24.252054794520546,24.0,113,53.556854838709675,0.3243206661660523,0.3126447092159446,0.29009345173835754,0.2999104959180969,0.27842192701809493,0.2938520430214204,1.0000036184243857,0.2784229344667852
113,2023-01-03,Juuso Valimaki,away,Arizona Coyotes,Florida Panthers,D,13.6,0,1,0,0.06,0,0,0,0,0,1,3,0.48,0.55,20222023,0.49019999999999997,0.49019999999999997,0.49019999999999997,0.49019999999999997,0.5098,-2.5098000000000003,-0.010199999999999987,-0.059800000000000075,0.73,0.0,-0.07219999999999993,-1.2353374999999998,-0.5775374999999997,1998-10-06,24.26027397260274,24.0,114,31.369758064516137,0.3199336366290756,0.28472870399012296,0.3178122043609619,0.3327554939935544,0.2721848057038416,0.2891342257649509,1.0000008420459374,0.27218503489595147
114,2023-01-05,Juuso Valimaki,away,Arizona Coyotes,Philadelphia Flyers,D,17.216666666667,0,0,0,0.1,0,1,0,0,0,0,1,0.6,0.92,20222023,0.605933333333344,0.605933333333344,0.605933333333344,0.605933333333344,-0.605933333333344,-0.394066666666656,-0.005933333333344004,-0.31406666666665606,0.05,-0.15,-0.39593333333334396,-0.769970833333318,-1.265904166666662,1998-10-06,24.265753424657536,24.0,115,9.164381720430264,0.3018083408190076,0.23610331476557533,0.3205559253692627,0.36132138307623013,0.2670313868614338,0.2856770328211308,1.000000067418904,0.26703140486439725
115,2023-01-06,Juuso Valimaki,away,Arizona Coyotes,Chicago Blackhawks,D,15.9,0,0,0,0.18,2,0,0,0,0,0,1,0.58,0.16,20222023,0.5638000000000001,0.5638000000000001,0.5638000000000001,0.5638000000000001,-0.5638000000000001,-0.4361999999999999,0.01619999999999988,0.40380000000000005,0.19,0.0,-0.38580000000000014,0.9174625000000001,0.7216624999999999,1998-10-06,24.268493150684932,24.0,116,73.27943548387097,0.2706573180550728,0.2513290149058296,0.29090416431427,0.34648463836741095,0.26268097147817343,0.2831090194951794,1.0,0.26268097147817343
116,2023-01-08,Juuso Valimaki,home,Arizona Coyotes,Pittsburgh Penguins,D,12.45,0,0,0,0.11,2,1,0,0,0,0,0,0.64,0.21,20222023,0.45339999999999997,0.45339999999999997,0.45339999999999997,0.45339999999999997,-0.45339999999999997,0.45339999999999997,0.18660000000000004,0.24339999999999998,0.155,-0.15,-0.17940000000000011,1.2187625,1.0443624999999999,1998-10-06,24.273972602739725,24.0,117,83.6891129032258,0.27946081379435284,0.2761951786981527,0.28031057119369507,0.2931938582503777,0.25820263288502776,0.28035351923719937,1.0,0.25820263288502776
117,2023-01-10,Juuso Valimaki,home,Arizona Coyotes,San Jose Sharks,D,14.65,0,0,0,0.0,1,0,0,0,0,0,3,0.24,0.75,20222023,0.5238,0.5238,0.5238,0.5238,-0.5238,-2.4762,-0.28380000000000005,-0.22619999999999996,0.05,0.0,-0.8898,-1.6470374999999995,-2.4868374999999996,1998-10-06,24.279452054794522,24.0,118,-30.220564516129016,0.2941605509396363,0.1895615406348634,0.2790069878101349,0.2985878414449849,0.25349611640271924,0.27719963132164954,1.0,0.25349611640271924
118,2023-01-12,Juuso Valimaki,home,Arizona Coyotes,Ottawa Senators,D,17.266666666667,0,0,1,0.05,0,0,0,0,0,0,0,0.36,1.16,20222023,0.607533333333344,0.607533333333344,0.607533333333344,0.607533333333344,-0.607533333333344,0.607533333333344,-0.24753333333334404,-0.5524666666666559,0.5750000000000001,0.0,-0.7815333333333441,-0.7446708333333174,-0.9512041666666614,1998-10-06,24.284931506849315,24.0,119,19.315994623656085,0.24152683066656902,0.15379464174465796,0.28107327222824097,0.30093455214900044,0.24890866111210272,0.2738678341545841,1.0,0.24890866111210272
119,2023-01-14,Juuso Valimaki,away,Arizona Coyotes,Minnesota Wild,D,15.5,0,0,0,0.02,0,0,0,0,0,0,0,0.55,0.27,20222023,0.551,0.551,0.551,0.551,-0.551,0.551,-0.0010000000000000009,0.281,0.01,0.0,-0.421,1.2210625000000002,0.8100625000000001,1998-10-06,24.29041095890411,24.0,120,76.13104838709678,0.21928912052111207,0.17437018124718448,0.24206218123435974,0.25633252179493493,0.24488360619774863,0.27066293468711616,1.0,0.24488360619774863
120,2023-01-15,Juuso Valimaki,away,Arizona Coyotes,Winnipeg Jets,D,14.6,0,0,0,0.05,1,0,0,0,0,0,1,0.28,0.69,20222023,0.5222,0.5222,0.5222,0.5222,-0.5222,-0.4778,-0.24219999999999997,-0.16779999999999995,0.07500000000000001,0.0,-0.8241999999999999,-0.36133749999999965,-1.1105374999999995,1998-10-06,24.293150684931508,24.0,121,14.176209677419372,0.23014270636557752,0.134086588341318,0.22326265275478363,0.2331206717477529,0.24184663791592562,0.2678938058016429,1.0,0.24184663791592562
121,2023-01-17,Juuso Valimaki,home,Arizona Coyotes,Detroit Red Wings,D,15.583333333333,0,0,0,0.01,3,0,0,0,0,1,0,0.43,0.82,20222023,0.553666666666656,0.553666666666656,0.553666666666656,0.553666666666656,0.446333333333344,0.553666666666656,-0.12366666666665599,-0.26633333333334397,0.15500000000000003,0.0,-0.21566666666665602,-0.040104166666681706,-0.1007708333333377,1998-10-06,24.2986301369863,24.0,122,46.749327956989106,0.20591094074948807,0.12672371057234816,0.23591643571853638,0.2607394064699428,0.24009675986134354,0.265794718627503,1.0,0.24009675986134354
122,2023-01-19,Juuso Valimaki,home,Arizona Coyotes,Washington Capitals,D,12.083333333333,0,0,0,0.01,0,1,0,0,0,0,2,0.33,0.78,20222023,0.441666666666656,0.441666666666656,0.441666666666656,0.441666666666656,-0.441666666666656,-1.558333333333344,-0.11166666666665598,-0.33833333333334403,0.005,-0.15,-0.663666666666656,-1.2591041666666818,-2.0677708333333378,1998-10-06,24.304109589041097,24.0,123,-16.702284946236702,0.20044585913849736,0.05792732266685713,0.21181225776672363,0.2187424295531116,0.23969572430128677,0.2644407158024139,1.0,0.23969572430128677
123,2023-01-21,Juuso Valimaki,away,Arizona Coyotes,Dallas Stars,D,12.516666666667,0,0,0,0.07,0,0,0,0,0,0,0,1.05,0.35,20222023,0.455533333333344,0.455533333333344,0.455533333333344,0.455533333333344,-0.455533333333344,0.455533333333344,0.594466666666656,0.10553333333334403,0.035,0.0,0.47446666666665593,0.8998291666666821,1.409295833333338,1998-10-06,24.30958904109589,24.0,124,95.46115591397864,0.16058460990941742,0.10029098580108384,0.1978611797094345,0.20290016937899122,0.24040394937521722,0.2636564684581812,1.0,0.24040394937521722
124,2023-01-22,Juuso Valimaki,home,Arizona Coyotes,Vegas Golden Knights,D,14.833333333333,0,0,1,0.11,1,0,0,0,0,1,0,0.47,0.92,20222023,0.5296666666666561,0.5296666666666561,0.5296666666666561,0.5296666666666561,0.47033333333334393,0.5296666666666561,-0.0596666666666561,-0.39033333333334397,0.6550000000000001,0.0,-0.12766666666665616,-0.3046041666666819,0.2227291666666621,1998-10-06,24.312328767123287,24.0,125,57.18481182795684,0.18223130104057492,0.10412917044875125,0.15938551723957062,0.1644292964571995,0.2417666515742508,0.2630755177998084,1.0,0.2417666515742508
125,2023-01-24,Juuso Valimaki,home,Arizona Coyotes,Anaheim Ducks,D,6.5,0,0,0,0.0,0,2,0,0,0,0,1,0.12,0.19,20222023,0.263,0.263,0.263,0.263,-0.263,-0.737,-0.14300000000000002,0.07300000000000001,0.0,-0.3,-0.8210000000000001,0.4160625000000001,-0.7049374999999999,1998-10-06,24.317808219178083,24.0,126,27.260080645161295,0.1829226738536301,0.07876718483840715,0.1805402785539627,0.21321791403268883,0.24360588909487021,0.26263641642880853,1.0,0.24360588909487021
126,2023-01-26,Juuso Valimaki,home,Arizona Coyotes,St Louis Blues,D,21.716666666667,0,0,0,0.04,0,0,0,0,0,3,0,1.55,0.39,20222023,0.749933333333344,0.749933333333344,0.749933333333344,0.749933333333344,2.250066666666656,0.749933333333344,0.800066666666656,0.359933333333344,0.02,0.0,2.180066666666656,1.231029166666682,3.4310958333333383,1998-10-06,24.323287671232876,24.0,127,160.68051075268835,0.16796365921400686,0.18385106374489674,0.18939873576164246,0.2052817226124687,0.24581864951628096,0.26239920007857415,1.0,0.24581864951628096
127,2023-01-28,Juuso Valimaki,away,Arizona Coyotes,Anaheim Ducks,D,22.45,0,0,0,0.09,1,0,0,0,0,0,0,0.94,0.46,20222023,0.7734000000000001,0.7734000000000001,0.7734000000000001,0.7734000000000001,-0.7734000000000001,0.7734000000000001,0.16659999999999986,0.31340000000000007,0.095,0.0,-0.019400000000000084,1.1037625000000002,1.1793625,1998-10-06,24.328767123287673,24.0,128,88.04395161290323,0.2222345695592962,0.21505625926485966,0.1914561241865158,0.22378731873964258,0.24826890272586896,0.26243938953111773,1.0,0.24826890272586896
128,2023-02-06,Juuso Valimaki,home,Arizona Coyotes,Minnesota Wild,D,20.333333333333,0,0,1,0.23,0,0,0,0,0,1,1,0.73,0.52,20222023,0.7056666666666561,0.7056666666666561,0.7056666666666561,0.7056666666666561,0.2943333333333439,-0.2943333333333439,0.024333333333343865,0.1856666666666561,0.665,0.0,0.11233333333334372,0.2933958333333182,1.0707291666666618,1998-10-06,24.353424657534248,24.0,129,84.53965053763426,0.23795156168345472,0.24187757816442854,0.22556227445602417,0.23376994913077762,0.2507929560830755,0.2628365104729172,1.0,0.2507929560830755
129,2023-02-10,Juuso Valimaki,away,Arizona Coyotes,Chicago Blackhawks,D,23.4,0,0,1,0.07,0,0,0,0,0,3,1,0.89,0.82,20222023,0.8038000000000001,0.8038000000000001,0.8038000000000001,0.8038000000000001,2.1962,-0.19619999999999993,0.08619999999999994,-0.01619999999999988,0.5850000000000001,0.0,1.0701999999999998,-0.25553749999999975,1.3996625,1998-10-06,24.364383561643837,24.0,130,95.15040322580646,0.25163493598363895,0.2781680357292152,0.23784390091896057,0.26947381453372177,0.2532227620436989,0.26364964697173726,1.0,0.2532227620436989
130,2023-02-11,Juuso Valimaki,away,Arizona Coyotes,St Louis Blues,D,21.866666666667,0,0,4,0.07,3,1,1,0,0,1,2,0.6,0.85,20222023,0.7547333333333441,0.7547333333333441,0.7547333333333441,0.7547333333333441,0.24526666666665586,-1.2452666666666559,-0.15473333333334416,-0.09526666666665584,2.3850000000000002,0.0,-0.14473333333334426,-0.9700708333333175,1.2701958333333387,1998-10-06,24.367123287671234,24.0,131,90.97405913978511,0.270333157059522,0.3092623571411521,0.24117036163806915,0.25890199024538124,0.25543770934707233,0.26487758502350306,1.0,0.25543770934707233
131,2023-02-13,Juuso Valimaki,away,Arizona Coyotes,Nashville Predators,D,21.7,0,0,0,0.01,3,0,0,0,0,1,0,0.48,0.44,20222023,0.7494000000000001,0.7494000000000001,0.7494000000000001,0.7494000000000001,0.25059999999999993,0.7494000000000001,-0.2694000000000001,0.30940000000000006,0.15500000000000003,0.0,-0.33140000000000003,1.1152625,0.9388625,1998-10-06,24.372602739726027,24.0,132,80.28588709677419,0.28638731133487383,0.32899636050107334,0.27559739351272583,0.28113229856328703,0.25744473860890865,0.2663959808220838,1.0,0.25744473860890865
132,2023-02-15,Juuso Valimaki,home,Arizona Coyotes,Tampa Bay Lightning,D,26.166666666667,0,0,0,0.21,2,0,0,0,0,0,0,1.08,0.88,20222023,0.892333333333344,0.892333333333344,0.892333333333344,0.892333333333344,-0.892333333333344,0.892333333333344,0.1876666666666561,0.012333333333343965,0.20500000000000002,0.0,0.08566666666665623,0.30872916666668204,0.5993958333333382,1998-10-06,24.378082191780823,24.0,133,69.33534946236574,0.2967369404429484,0.337471557113215,0.270763635635376,0.26602731778667116,0.25941275895182114,0.26797109210335907,1.0,0.25941275895182114
133,2023-02-18,Juuso Valimaki,away,Arizona Coyotes,Los Angeles Kings,D,25.066666666667,0,0,1,0.22,1,1,0,0,0,0,1,0.73,1.11,20222023,0.8571333333333441,0.8571333333333441,0.8571333333333441,0.8571333333333441,-0.8571333333333441,-0.14286666666665593,-0.1271333333333441,-0.252866666666656,0.7100000000000001,-0.15,-0.4391333333333441,-0.8458708333333178,-0.7250041666666618,1998-10-06,24.386301369863013,24.0,134,26.612768817204458,0.3014805756674117,0.30417058466571234,0.2857119143009186,0.29091588253044126,0.2614076410262244,0.26955365586747043,1.0,0.2614076410262244
134,2023-02-19,Juuso Valimaki,home,Arizona Coyotes,Columbus Blue Jackets,D,22.016666666667,0,0,0,0.4,2,0,0,0,0,1,0,1.23,1.62,20222023,0.759533333333344,0.759533333333344,0.759533333333344,0.759533333333344,0.24046666666665595,0.759533333333344,0.47046666666665593,-0.860466666666656,0.30000000000000004,0.0,0.858466666666656,-1.5841708333333175,-0.42570416666666144,1998-10-06,24.389041095890413,24.0,135,36.26760752688189,0.2855509892667088,0.2812945591766227,0.2831951379776001,0.30878906511262594,0.26345116105265765,0.2711661535647413,1.0,0.26345116105265765
135,2023-02-22,Juuso Valimaki,home,Arizona Coyotes,Calgary Flames,D,20.35,0,0,1,0.0,3,1,0,0,0,2,3,0.9,1.51,20222023,0.7062000000000002,0.7062000000000002,0.7062000000000002,0.7062000000000002,1.2937999999999998,-2.2938,0.19379999999999986,-0.8037999999999998,0.7000000000000001,-0.15,0.7837999999999998,-3.132837499999999,-1.7990374999999992,1998-10-06,24.397260273972602,24.0,136,-8.033467741935453,0.2746615440634371,0.21609276080794898,0.27830615639686584,0.2732674991308636,0.2655720959261409,0.2728376720353093,1.0,0.2655720959261409
136,2023-02-26,Juuso Valimaki,home,Arizona Coyotes,Nashville Predators,D,23.85,0,0,0,0.09,1,1,1,0,0,1,1,1.15,0.82,20222023,0.8182000000000001,0.8182000000000001,0.8182000000000001,0.8182000000000001,0.18179999999999985,-0.18179999999999985,0.33179999999999976,-0.0017999999999998018,0.095,0.0,0.6717999999999997,-0.2348374999999996,0.5319625000000001,1998-10-06,24.40821917808219,24.0,137,67.16008064516129,0.2432147525522064,0.22599264110862274,0.27003827691078186,0.271928259556609,0.2678017274067807,0.2746002099042785,1.0,0.2678017274067807
137,2023-02-28,Juuso Valimaki,home,Arizona Coyotes,Chicago Blackhawks,D,20.916666666667,0,0,0,0.0,1,0,0,0,0,2,0,0.91,0.26,20222023,0.724333333333344,0.724333333333344,0.724333333333344,0.724333333333344,1.2756666666666558,0.724333333333344,0.185666666666656,0.46433333333334403,0.05,0.0,0.7816666666666561,1.4932291666666822,2.324895833333338,1998-10-06,24.413698630136988,24.0,138,124.99663978494638,0.2475606407912367,0.2917750309169472,0.25512558221817017,0.281298395020264,0.27016600912058164,0.2764808181496097,1.0,0.27016600912058164
138,2023-03-01,Juuso Valimaki,away,Arizona Coyotes,Dallas Stars,D,23.766666666667,0,2,0,0.08,2,1,0,0,0,1,2,0.67,0.84,20222023,0.8155333333333441,0.8155333333333441,0.8155333333333441,0.8155333333333441,0.1844666666666559,-1.184466666666656,-0.14553333333334406,-0.024466666666655867,1.54,-0.15,-0.09353333333334413,-0.8596708333333176,0.4367958333333384,1998-10-06,24.416438356164385,24.0,139,64.09018817204317,0.27847867486690314,0.2963201278373527,0.2557503581047058,0.25094457903956513,0.27267350768273735,0.2784890535880963,1.0,0.27267350768273735
139,2023-03-03,Juuso Valimaki,home,Arizona Coyotes,Carolina Hurricanes,D,23.533333333333,0,0,0,0.05,2,0,0,0,0,0,2,0.66,0.78,20222023,0.808066666666656,0.808066666666656,0.808066666666656,0.808066666666656,-0.808066666666656,-1.191933333333344,-0.14806666666665602,0.028066666666656026,0.125,0.0,-0.502066666666656,-0.7324041666666818,-1.1094708333333378,1998-10-06,24.421917808219177,24.0,140,14.21061827956975,0.2808048038590345,0.2522616520589388,0.27804848551750183,0.2533886741621457,0.2752948112171723,0.2805955500981363,1.0,0.2752948112171723
140,2023-03-05,Juuso Valimaki,home,Arizona Coyotes,New Jersey Devils,D,23.933333333333,0,1,1,0.07,6,0,0,0,0,2,1,0.88,0.79,20222023,0.8208666666666561,0.8208666666666561,0.8208666666666561,0.8208666666666561,1.1791333333333438,-0.1791333333333439,0.05913333333334392,0.03086666666665605,1.585,0.0,0.6371333333333438,-0.16200416666668183,2.0601291666666617,1998-10-06,24.427397260273974,24.0,141,116.45577956989231,0.26059761836458684,0.30892098462188766,0.27598971128463745,0.2574678555599351,0.277966669367066,0.28273278612107255,1.0,0.277966669367066
141,2023-03-07,Juuso Valimaki,home,Arizona Coyotes,St Louis Blues,D,20.9,0,0,0,0.01,0,1,0,0,0,2,0,0.78,0.76,20222023,0.7238,0.7238,0.7238,0.7238,1.2762,0.7238,0.05620000000000003,-0.03620000000000001,0.005,-0.15,0.5742,0.3424625000000001,0.7716625000000001,1998-10-06,24.432876712328767,24.0,142,74.89233870967743,0.28647566262255864,0.3234233782193461,0.2563517689704895,0.27007292002428857,0.2806670246019462,0.28488225417825075,1.0,0.2806670246019462
142,2023-03-09,Juuso Valimaki,home,Arizona Coyotes,Nashville Predators,D,23.783333333333,0,0,0,0.01,4,0,0,0,0,0,0,0.82,0.51,20222023,0.8160666666666561,0.8160666666666561,0.8160666666666561,0.8160666666666561,-0.8160666666666561,0.8160666666666561,0.003933333333343891,0.30606666666665605,0.20500000000000002,0.0,-0.2540666666666562,1.0500958333333181,1.001029166666662,1998-10-06,24.438356164383563,24.0,143,82.29126344086006,0.29337987817839567,0.3446594861818068,0.2772625684738159,0.27506013451268724,0.2833808113827609,0.2870425987777054,1.0,0.2833808113827609
143,2023-03-11,Juuso Valimaki,away,Arizona Coyotes,Colorado Avalanche,D,22.7,0,0,0,0.1,5,0,0,0,0,1,1,0.59,0.96,20222023,0.7814000000000001,0.7814000000000001,0.7814000000000001,0.7814000000000001,0.2185999999999999,-0.2185999999999999,-0.19140000000000013,-0.17859999999999987,0.3,0.0,-0.18740000000000023,-0.6097374999999994,-0.4971374999999996,1998-10-06,24.443835616438356,24.0,144,33.963306451612915,0.3033458900232754,0.3182778341414618,0.2844626009464264,0.28041574660492896,0.28608127423243446,0.2892104560639884,1.0,0.28608127423243446
144,2023-03-12,Juuso Valimaki,home,Arizona Coyotes,Minnesota Wild,D,24.983333333333,0,1,0,0.09,2,0,0,0,0,3,1,0.6,0.46,20222023,0.854466666666656,0.854466666666656,0.854466666666656,0.854466666666656,2.145533333333344,-0.14553333333334395,-0.25446666666665607,0.39446666666665603,0.845,0.0,0.5555333333333439,0.6452958333333181,2.045829166666662,1998-10-06,24.446575342465753,24.0,145,115.99448924731168,0.2921871098389301,0.37241837419072144,0.2879193425178528,0.2849214603240575,0.288730768273485,0.2913807254969732,1.0,0.288730768273485
145,2023-03-14,Juuso Valimaki,home,Arizona Coyotes,Calgary Flames,D,24.766666666667,0,1,1,0.13,2,1,0,0,0,1,1,0.76,0.61,20222023,0.847533333333344,0.847533333333344,0.847533333333344,0.847533333333344,0.15246666666665598,-0.15246666666665598,-0.08753333333334401,0.23753333333334403,1.415,-0.15,0.018466666666655973,0.29032916666668207,1.5737958333333382,1998-10-06,24.45205479452055,24.0,146,100.76760752688187,0.31634230452737994,0.4100686609341344,0.28257620334625244,0.2703019314591804,0.2912866305629102,0.2935480422404566,1.0,0.2912866305629102
146,2023-03-16,Juuso Valimaki,home,Arizona Coyotes,Vancouver Canucks,D,21.933333333333,0,0,0,0.16,1,1,0,0,0,0,1,1.31,0.43,20222023,0.756866666666656,0.756866666666656,0.756866666666656,0.756866666666656,-0.756866666666656,-0.24313333333334397,0.553133333333344,0.32686666666665604,0.13,-0.15,0.589133333333344,0.5739958333333182,1.143129166666662,1998-10-06,24.457534246575342,24.0,147,86.87513440860201,0.3334919617252143,0.43304209883703254,0.292854905128479,0.3016806509490367,0.2937146999603858,0.29571026113136656,1.0,0.2937146999603858
147,2023-03-18,Juuso Valimaki,home,Arizona Coyotes,Chicago Blackhawks,D,22.783333333333,1,1,1,0.51,1,1,0,0,0,1,0,0.71,0.59,20222023,0.7840666666666561,0.7840666666666561,0.7840666666666561,0.7840666666666561,0.21593333333334386,0.7840666666666561,-0.07406666666665618,0.19406666666665617,2.3049999999999997,-0.15,0.0019333333333437785,0.8200958333333184,2.9770291666666617,1998-10-06,24.46301369863014,24.0,148,146.03319892473104,0.34442664751276064,0.5127678446603091,0.3329581320285797,0.35690192009171146,0.2960096322196544,0.297874636874211,1.0,0.2960096322196544
148,2023-03-21,Juuso Valimaki,away,Arizona Coyotes,Winnipeg Jets,D,21.333333333333,0,0,0,0.03,1,1,0,0,0,1,0,1.05,0.5,20222023,0.7376666666666561,0.7376666666666561,0.7376666666666561,0.7376666666666561,0.26233333333334385,0.7376666666666561,0.3123333333333439,0.23766666666665615,0.065,-0.15,0.592333333333344,0.9603958333333182,1.4677291666666623,1998-10-06,24.471232876712328,24.0,149,97.34610215053749,0.37964026047716526,0.5426951179142081,0.3321608901023865,0.3238873829371811,0.2982002878427715,0.30005963062553,1.0,0.2982002878427715
149,2023-03-22,Juuso Valimaki,away,Arizona Coyotes,Edmonton Oilers,D,21.65,0,0,0,0.08,2,1,1,0,0,1,0,0.29,1.13,20222023,0.7478,0.7478,0.7478,0.7478,0.2522,0.7478,-0.45780000000000004,-0.3821999999999999,0.14,0.0,-0.6338,-0.47403749999999967,-0.9678374999999997,1998-10-06,24.473972602739725,24.0,150,18.779435483870976,0.3940837719593747,0.49535718459283457,0.3635287880897522,0.3482736850941397,0.3002854657540983,0.30227103976132963,1.0,0.3002854657540983
150,2023-03-24,Juuso Valimaki,away,Arizona Coyotes,Colorado Avalanche,D,20.683333333333,0,0,0,0.09,5,0,0,0,0,0,1,0.27,0.29,20222023,0.7168666666666561,0.7168666666666561,0.7168666666666561,0.7168666666666561,-0.7168666666666561,-0.2831333333333439,-0.4468666666666561,0.4268666666666561,0.295,0.0,-1.0348666666666562,0.8384958333333182,0.098629166666662,1998-10-06,24.47945205479452,24.0,151,53.181586021505225,0.3762085503486457,0.48292435412063034,0.3565220832824707,0.3441412055554434,0.30225417066959115,0.30450797575585964,1.0,0.30225417066959115
151,2023-03-26,Juuso Valimaki,home,Arizona Coyotes,Colorado Avalanche,D,23.8,0,1,0,0.26,2,0,1,0,0,1,1,0.89,0.64,20222023,0.8166000000000001,0.8166000000000001,0.8166000000000001,0.8166000000000001,0.1833999999999999,-0.1833999999999999,0.07339999999999991,0.1766000000000001,0.9299999999999999,0.15,0.25739999999999985,0.17686250000000026,1.5142625,1998-10-06,24.484931506849314,24.0,152,98.84717741935484,0.3725989439939003,0.5152447223636538,0.3729383051395416,0.35885066916808356,0.3041024398922161,0.30676689462696155,1.0,0.3041024398922161
152,2023-03-27,Juuso Valimaki,home,Arizona Coyotes,Edmonton Oilers,D,23.75,0,0,0,0.0,1,0,0,0,0,2,1,1.18,0.57,20222023,0.8150000000000001,0.8150000000000001,0.8150000000000001,0.8150000000000001,1.185,-0.18499999999999994,0.3649999999999999,0.2450000000000001,0.05,0.0,1.1229999999999998,0.3355625000000002,1.5085625,1998-10-06,24.487671232876714,24.0,153,98.6633064516129,0.3873097375928807,0.5463734683415176,0.38045111298561096,0.362435461099991,0.3058380612268923,0.30904062624426554,1.0,0.3058380612268923
